Temperature_C,Pressure_psi,Vibration_g,Flow_Rate_lpm,Oil_Level_pct,RPM,Coolant_Leak,Fault
70.0,100.0,0.02,362.27566839019846,60.0,1506.4709820338287,0,0
95.0,84.12853178011001,0.01543404047704469,316.919765627118,44.682310233354485,1384.7385727933763,1,1
57.612079417442175,99.1060209198936,0.03369135072665109,305.5490043262464,53.9377856639917,1203.9449705893028,1,5
70.0,100.0,0.02,338.0971577220279,60.0,1064.3794672795104,0,0
88.30156858021363,95.23916226019813,0.05,297.001641283047,35.789233258349896,2160.6495103088905,1,2
70.0,100.0,0.02,250.64147682023224,60.0,1446.0734317731167,0,0
95.0,76.07926226586983,0.011927284362673755,369.3572038294672,68.88807946444525,1592.113957167235,1,1
88.1350778500316,81.39316606663814,0.02849539815477608,286.07755546268424,67.3133179416068,1514.990086224134,1,5
70.0,100.0,0.02,302.82000267286276,60.0,1711.954376891475,0,0
95.0,109.47199504051507,0.010990061733824961,262.2806181305409,57.754439992333594,1461.6588694485424,1,1
95.0,111.35692544889025,0.021747977686831517,306.08149537062917,41.4624327243487,1437.725922080639,0,1
79.9715490106041,111.60442110922445,0.05,282.4808845133041,55.42609116586134,1823.7057784168262,0,2
70.0,100.0,0.02,237.27028199207658,60.0,1544.2756607061456,0,0
72.06188066914682,89.6219190523341,0.05,340.97952006008506,49.02768363997626,1737.9121088933462,1,2
61.90052269158497,99.05381512536987,0.05,301.72914738176775,61.764883236993285,1376.4158407591567,0,2
64.71639267620424,70.0,0.013260402301021663,309.770910861086,63.12044816702351,1600.1222151555069,1,3
73.03891380611236,95.49664468125995,0.02957413072210754,244.70976070619847,20.0,1698.828212319093,0,4
85.55728416346071,85.77393478228898,0.05,253.31231584579706,46.60258211966075,1343.6808542847382,1,2
74.30984066872087,70.0,-0.004329871820850921,268.53263013701707,76.54583206667976,1441.1174670884054,0,3
74.89708980858714,70.0,0.038087789314048395,380.86568768485495,63.64484387417636,1308.3761753913586,0,3
95.0,81.43546628457527,0.008744488494939986,373.62508409073234,33.19075286996115,1385.2959718947573,1,1
87.60712737581076,79.07455048865015,0.04021977844838951,345.8526700234624,20.0,1495.5349288838338,1,4
60.905389579518456,111.50255798580876,0.05,309.2598455050928,63.81578424664342,1324.2347588418866,1,2
61.99171024314251,70.0,0.032422728651360755,216.13881654436452,50.90122427812348,1872.3149874804956,0,3
70.34348493715474,109.89966144659958,0.05,269.6461126415299,51.97918687401605,1614.5136796168047,1,2
79.58904590581878,97.82837412467545,0.05,229.93840903783996,57.27833918331134,1454.7327791417017,1,2
69.77438534262207,106.93530193152561,0.015241840460703721,348.6712994470249,20.0,1479.9945540449055,1,4
70.0,100.0,0.02,332.96238645314816,60.0,1695.9190937935034,0,0
72.00442422052735,113.99282890513186,0.009406303525811519,328.37495320763435,20.0,1681.6765322596577,0,4
95.0,114.94920358111838,0.006249890128548315,268.5488955058119,62.40445007984079,1255.6458748790128,1,1
89.40617224830301,87.2086790851653,0.05,304.42564467873785,73.08912924210998,1351.567308547429,1,2
68.44682389634931,90.08878635504871,0.025253526345749306,297.09702713370683,20.0,1830.7024927356265,0,4
56.59690510268482,103.57157723896927,0.05,327.8887792388708,68.87427856070678,1775.3212462605902,1,2
70.0,100.0,0.02,352.54450499572965,60.0,1554.3180792211008,0,0
64.65119186712278,122.20341101874686,0.05,282.3929741386819,76.8804576327453,1227.0580127883582,1,2
95.0,77.27511927109023,0.010255466911838465,272.9433417252158,52.32966463699401,1524.0017144189737,1,1
63.30221366284259,85.2784933026226,0.027010525851753047,434.1032937519383,76.52632071847748,1557.8596655334757,1,5
95.0,83.13145072065069,0.029283370916108855,269.6726832110205,49.54696512126116,1492.519282427537,1,1
70.71841838038252,100.02850626724984,0.05,296.3610792014917,71.10460801765238,1729.1421474175288,0,2
65.81536965598063,64.58770028637919,0.027217139267067654,274.90483238385394,68.07393635646783,1303.4913175329466,1,5
69.28239227944884,94.14310961673225,0.05,409.31733350626655,58.55044185239815,1479.5424472808054,0,2
70.0,100.0,0.02,232.26101910346017,60.0,1929.6527469362752,0,0
79.04801154552968,80.20537343455459,0.043900081720619655,266.2551562679245,57.846715753391024,1585.2698796921366,1,5
60.885447010589985,71.89330014950077,0.05,405.8956904619648,102.7735133360975,1324.681969841412,0,2
75.72085525947867,93.11862968524201,0.05,274.14192691931584,44.175323546829986,1714.2189157472942,1,2
65.71145749739571,97.12584889430808,0.034455035602940005,325.2904434905343,20.0,1448.1049790815887,1,4
95.0,87.18440220968651,0.028710955476977742,244.90021076124413,59.62975769050773,1247.3597997575423,0,1
65.53104797650118,103.97616584312479,0.015057131361139082,234.62271785899782,20.0,1597.6659798946653,1,4
51.500187773243,70.0,0.013562386018177879,219.9207449345019,47.05321617951584,1285.8523925584404,0,3
70.0,100.0,0.02,214.704105791104,60.0,1159.8726269171493,0,0
81.24570385224325,118.10508757544898,0.0380163589164893,217.9680513674154,20.0,1526.320726498983,0,4
51.22357494763409,70.0,0.00754725694682987,306.3853479562199,72.25139237394635,1496.4130363004142,0,3
76.4441619383991,114.72269398271149,0.039040684527078054,329.85885903815625,20.0,1562.3111230297795,0,4
68.59736011858307,108.48042914193682,0.024221222426375505,289.6033635946578,70.84809485171014,1294.8160765593977,1,5
65.4514003508207,120.70492793849803,0.018372243199284672,329.29828102204925,20.0,1289.112597736671,0,4
59.79670428859734,98.04902853088142,0.05,314.99785893698004,59.951146186959846,1772.2227399571266,0,2
61.18388252154246,92.68439155784516,0.02763185863784753,317.8439369593099,20.0,1563.1090648435136,1,4
65.45530654237238,108.03847579158399,0.028456939205317743,303.5762672035615,20.0,1477.8187415416871,1,4
66.40321729262482,114.18208021377784,0.019513275229021347,357.311413729602,72.16548591539781,1240.2789689956421,1,5
72.45330959801683,70.0,0.02872316484520497,306.34974534914113,59.26899420119758,1320.8602001322163,1,3
95.0,98.44954773315153,0.01389059034231507,256.21831084556294,43.345481608472014,1577.159178087415,0,1
95.0,80.28767336579378,0.02983989882860883,278.0715985007261,92.31614405902606,1763.0658937197786,0,1
66.60529066268873,91.60343387076497,0.026331360692205777,288.0907320736011,20.0,1613.8318257061578,0,4
70.0,100.0,0.02,329.0727274971461,60.0,1559.884735791001,0,0
63.69751106399284,98.71772385892034,0.02314167142085531,243.23048254762264,47.38709408857952,1425.5053910477418,1,5
78.38293320125055,70.0,0.017745643100399323,384.7220394413528,63.85438691134451,1384.5756527913748,1,3
70.0,100.0,0.02,400.312685984313,60.0,1456.0646929936056,0,0
61.5598621887886,70.0,0.04111515697376252,361.15765903852014,27.39010292916482,1463.7535202054073,0,3
82.32747619666424,114.4207535706453,0.03175428771067806,257.5606135941698,20.0,1676.0768761888523,1,4
75.18456525160639,70.0,0.02913624371525577,201.76897289650017,100.28415349168719,1363.0299237206762,1,3
79.75657074739277,89.42842799197072,0.029474292299817153,341.4902012815765,62.3294905221969,1206.4752870724278,1,5
66.827653052228,70.0,0.022136548485200035,381.31886820761036,61.16896168727344,1692.6778617579282,0,3
95.0,98.80147928830716,0.010286111172365038,235.44400905647694,61.06897308224609,1499.7760296043664,0,1
79.13541433387701,99.2094330086677,0.05,362.09737471879953,69.036839564833,1658.494823760532,1,2
76.31175034119696,101.22983380682115,0.03237237417982035,313.9926537263031,20.0,1529.0007440230208,0,4
67.00890494414838,101.18165075581966,0.009738751012094498,296.9634211953841,54.79673930236813,1277.3551910821373,1,5
71.9762401122104,121.00424486676086,0.02565399686035147,348.20646580624805,69.68515182037245,1838.1276309466066,1,5
73.24796718835788,110.51163316938442,0.05,345.2951553006474,85.51716479699138,1616.4162911888684,0,2
69.74859944744804,70.0,0.033076729217981285,221.51015745346893,48.385158634410544,1556.6647302608064,1,3
77.70515074469255,95.016407857121,0.017515150657245352,317.14494662270687,20.0,1463.2750811539656,1,4
64.38187804603253,86.17120311287405,0.010999243507999513,350.7155309410365,20.0,1292.1259224082914,1,4
75.98238954166202,88.76331153597954,0.0087066006875586,306.8361706283105,20.0,1851.7452565800077,1,4
60.607901927983264,92.0917193488309,0.03516205968951039,344.42619066065896,20.0,1460.5398745063003,1,4
73.62286000659931,118.55862518807345,0.015304453537085134,373.97384631115324,20.0,1620.2862670177958,0,4
64.10369216159036,70.0,0.006468092284187994,426.30287825951325,65.97105792077936,1469.568632242226,1,3
74.35300191796311,108.55894028642075,0.05,243.5869460770622,43.599632149316804,1515.0003172391512,1,2
80.59694264095369,113.55484893139038,0.022290756791150064,313.2882005200797,20.0,1779.2839986575148,0,4
84.63566369277547,111.09368716137682,0.016155924499841958,258.12264725024,43.12266165481181,1580.1517244666065,1,5
70.0,100.0,0.02,382.81507017293745,60.0,1226.9605730682483,0,0
73.04008388397723,81.9773189122257,0.05,334.8726977678431,76.71275971628401,1318.4190464694577,1,2
68.12920316791937,85.45839439100897,0.05,201.37455791276636,52.3978458937545,1353.5713809058775,1,2
72.27052911290195,112.86750118540515,0.028916082085609272,254.84476939527443,20.0,1391.0581785917823,1,4
54.58954019172472,80.97044825209164,0.013767602816555308,337.5345174175027,76.27880091303305,1125.919340603712,1,5
75.25531814767628,99.02828341081145,0.018177636939882117,242.83189459321278,20.0,1544.3114594429262,1,4
67.75552257455116,96.74521286028582,0.05,253.29368158718273,86.66221366992565,1786.9953992335813,1,2
57.66240641307604,115.13238363660666,0.00796410494410972,316.2479806733397,79.86821470474129,1622.1496497238234,1,5
47.455968470438705,81.24479601779073,0.02477961569123895,385.7478104399282,20.0,1649.2801330854968,1,4
70.04865195457327,97.83333787799246,0.05,318.27193104043374,69.8543544271219,1462.1127986307056,1,2
74.50830943716628,75.10578790759905,0.018638837681970326,314.5189015556527,20.0,1508.5125650918217,1,4
70.0,100.0,0.02,297.65804713320495,60.0,1835.1402975512035,0,0
72.72772435454098,109.66619378698456,0.002436819342651563,393.5326775743848,20.0,1399.9961193053532,1,4
95.0,101.85114423024375,0.02951566561622596,359.82129353840935,51.32212413818143,1451.2420997977108,1,1
95.0,146.62129664447056,0.03368815722136877,320.9358183913663,71.24982711189277,1640.053478515204,0,1
74.90856442017561,70.0,0.018734980579702052,345.29698102311795,50.22538216804175,1564.806699341998,1,3
80.43528740468265,105.83477037342372,0.020441450200836844,282.5509871860547,20.0,1488.8127189081563,1,4
53.58711204947291,81.49968414548715,0.007260072420719573,311.76615947968514,20.0,1488.8664584186981,1,4
58.21100149666351,115.37733190851071,0.02383942982453109,312.4606278467095,20.0,1431.839573976554,1,4
70.0,100.0,0.02,241.00088779122217,60.0,1214.298427749519,0,0
76.96379122760291,83.89149918568795,0.028011447678452855,342.3449603452051,20.0,1587.1242716563163,0,4
95.0,93.51490259600808,0.0034158333482438748,242.25197194357298,66.65973654606836,1591.437880936995,1,1
71.98373271213646,105.697021714892,0.04139078290046298,328.21803242683615,20.0,1568.6453745408944,1,4
77.14664454999286,125.85687068443289,0.05,341.6316322397196,71.49436992687698,1444.2878800438152,1,2
91.40673396915592,103.12729057680752,0.05,284.95686001234236,44.11192289870077,1442.3583892101544,0,2
70.0,100.0,0.02,337.0431924654619,60.0,1676.723099250155,0,0
95.0,93.54608367653861,0.010315383106251215,239.36266643987955,61.502501583935704,1543.5764745772367,1,1
62.722347714273795,98.82187984260132,0.05,344.4360053669067,96.00769994860738,1608.330130553041,0,2
71.13682689191921,70.0,0.034259445190278764,228.79250231222915,35.32517992651711,1619.963622933621,1,3
57.06896162544742,70.0,0.01140885199135242,249.80952340031715,83.01450876069376,1212.400869652888,1,3
70.0,100.0,0.02,359.25989613103246,60.0,1473.6880217434043,0,0
95.0,102.4457190819304,0.018076086340560286,247.84880207835536,81.8287459641476,1655.0814918910016,0,1
79.92608790306898,70.0,0.018085150491419323,316.87020961009654,61.725677131854184,1360.7817304545656,1,3
70.0,100.0,0.02,292.7725667685804,60.0,1527.3979829528328,0,0
70.0,100.0,0.02,448.97093750247154,60.0,1419.4788210406534,0,0
70.0,100.0,0.02,334.1794797113738,60.0,1510.4665316681844,0,0
76.225591136318,70.0,0.02199051047714984,273.66959209825234,73.40522381439423,1277.4797027405034,0,3
82.98406890922635,120.14914841048186,0.05,282.0262234075523,52.596152136577814,1360.0698518696167,1,2
57.65980640838905,124.05275366975539,0.05,314.15753554946053,61.05285608175939,1505.6588143561946,0,2
75.04522403679319,119.6313016391966,0.030497628675286253,274.4939012935862,20.0,1263.8300489070468,1,4
74.89045599300144,102.30895064129263,0.05,224.3012029559281,64.18655068291152,1737.5381946026234,0,2
77.86534861434592,122.04896502376658,0.00955546500117066,416.2031016187367,86.5386287251996,1527.2146913687634,1,5
95.0,107.52400912185965,0.03386121556454611,361.33498996414295,66.89688617951862,2089.100120843623,1,1
74.89070449561305,70.0,0.016032685817408188,217.4622588779235,34.248183220210066,1260.6848382113033,1,3
95.0,118.01954263339353,0.02242139577987838,275.9781674132964,49.77184928651431,1077.3377306667267,0,1
76.7483632192706,70.0,0.013233857733859903,250.2482510005522,34.31483391008308,1023.5357374218993,0,3
70.0,100.0,0.02,280.9501178211102,60.0,1321.0995863281364,0,0
77.05436699178563,105.63033446733692,0.01905513644194415,356.11181911615176,39.41715956897564,1264.4671809048104,1,5
95.0,102.7274489866112,0.04167903786336845,283.1989140048584,60.109561222449656,1280.7939945181943,1,1
71.58322259595637,121.37963235778032,0.0183196250155296,357.1203553026947,20.0,1129.597725790909,1,4
57.24128547031361,80.59397488840762,0.024260656741865637,342.2687728155058,58.10909564391243,1540.1194325317883,1,5
78.83459731534424,120.74862080474868,0.05,354.27665843981504,46.60004838430753,1759.5007933276586,1,2
81.83536942144735,70.0,-0.0016321367908730226,350.4557156950461,50.55947252908106,1445.319592010743,1,3
95.0,95.01707822778322,0.028507762206772723,290.8782833668296,55.55612320828169,1491.5648910181533,0,1
51.73151733243243,101.00534333435783,0.017683586874111416,263.75301791122416,20.0,1560.443719753742,1,4
70.59385033684718,70.0,0.015438474210853884,262.45232883128824,58.991545625043315,1586.4416440765006,0,3
70.0,100.0,0.02,332.82906982907485,60.0,1670.5269703630124,0,0
66.05700884267097,70.0,0.032817514070157615,344.7157006937061,62.60032478188781,1437.0262532690963,0,3
69.02990419030913,120.1420022045102,0.024692522371391773,282.39594735484167,80.56555018966736,1294.9563687427742,1,5
95.0,86.53740872841732,0.03520107650463954,281.65857047505904,65.33758708297137,1346.9356862736615,0,1
65.69990344053112,89.53118291199303,0.019311706161408877,293.1222382404349,52.52523633382516,1379.8107320008066,1,5
95.0,110.51909038136353,0.0392464792910217,380.20831697262236,90.019234363864,1557.2717342952722,0,1
82.8986116213294,109.49010415305352,0.024961079179386864,292.1967956913593,41.600991546108176,1595.9572928492314,1,5
70.0,100.0,0.02,333.360785510237,60.0,1506.8972530560359,0,0
68.53564426780413,70.0,0.011229401750613184,279.1600732515033,33.80464792674542,1423.1020543841855,1,3
62.47173125125492,107.1266433867526,0.05,365.6650890801118,48.626089291080845,1524.4590070264198,0,2
70.0,100.0,0.02,300.42195343481103,60.0,1358.9796261313813,0,0
95.0,109.14370856864085,0.03036876973316461,281.9250612221157,55.36097955689299,1419.1237677662111,1,1
70.0,100.0,0.02,284.81977747529464,60.0,1493.4044857399626,0,0
95.0,102.99601076984034,0.021022869878495325,270.39491350644107,55.66695652051031,1576.2991233609569,1,1
68.37772980852716,109.79073885745004,0.017572604487907352,269.5663353758862,66.84484055256722,1835.7023444080223,1,5
70.0,100.0,0.02,336.490628099472,60.0,1524.813646325519,0,0
95.0,98.27308564869021,0.028402796088522208,182.13764144088378,49.674509035350425,1686.652126442415,0,1
69.78193936422961,83.30448528977077,0.010950455828302908,311.0115022558445,20.0,1374.4177300986862,0,4
68.28592957630063,84.87328770665819,0.05,323.76124447358563,53.631920744730174,1530.8122152486053,0,2
95.0,92.77659397221124,0.01320503293694723,248.02493481371715,63.11970966464145,1717.9819122941005,0,1
63.76525547871525,100.0002824385012,0.02107602414732192,365.10912322165336,57.93138404023835,1544.1568790489541,1,5
65.01880984309813,82.25937224180046,0.05,391.77375547452834,61.295760520980465,1778.747150892116,0,2
60.989405900139054,96.80231353185196,0.013165022798418522,338.7434849692734,20.0,1712.535222452736,0,4
71.32159060541171,70.0,-0.0024485280565490035,278.0166557198755,57.70566258201329,1644.145131267373,1,3
65.59130358711859,110.61658326283167,0.02768616303444719,364.88916270767714,53.58735237407028,1641.6233728042944,1,5
70.0,100.0,0.02,376.486401297926,60.0,1450.3633672127662,0,0
85.09693866642102,120.29815800223636,0.034731317218204265,287.7056679141983,20.0,1302.9602383171498,0,4
70.81340355348956,105.7180159446111,0.0041544488888217886,255.6246113290701,44.74118677956802,1583.4123872940268,1,5
89.5628278414388,98.08329113999872,0.025481193241106814,323.7449553381462,76.98505791443608,1451.653685014691,1,5
52.41389390036991,96.06066736126562,0.02285170371532417,313.0626258372537,45.878275109417174,1358.4471679306182,1,5
72.41400672915817,103.0569130864808,0.010985683819152447,276.5966396679458,75.8750485765978,1440.9736108797727,1,5
95.0,89.72140585121751,0.00925369889475197,306.78928503736466,70.79050585283423,1543.4173319306221,0,1
68.60460283618886,101.4159553872358,0.03020347793547,353.462068315295,20.0,1694.1525875616214,0,4
70.0,100.0,0.02,336.743299417957,60.0,1843.2908458335203,0,0
79.80456748910078,70.0,0.0019237650998600378,320.1798224280604,62.743761929813665,1189.6986734755274,1,3
70.0,100.0,0.02,402.5798677976797,60.0,1547.4095703680948,0,0
55.95946591441239,96.19568159623569,0.012927310337725198,272.0295741120582,74.45376820732038,1350.6871577526126,1,5
70.0,100.0,0.02,243.67603863817436,60.0,1441.8547276354675,0,0
70.0,100.0,0.02,294.1543335580463,60.0,1575.0905328155006,0,0
51.891537775155356,102.93207687143554,0.037093711687128175,276.658800944215,20.0,1527.3313189239057,0,4
67.85791029276339,78.82482066558303,0.01979327345456621,357.6181278349653,44.3852581793247,1947.2079550537344,1,5
70.0,100.0,0.02,303.8643454158613,60.0,1555.861466652463,0,0
70.0,100.0,0.02,289.84379975425253,60.0,1398.8953465643833,0,0
95.0,97.81517724867962,0.028227157510957415,279.367362074843,63.042443609510705,1474.5141314127754,0,1
95.0,115.73465330214542,0.02685309763871101,294.1228731546198,43.20496820088745,1772.0204771001163,1,1
69.97129925347495,63.802016755011906,0.018821410036680503,306.6924447905359,49.38678965575696,1361.1118053770915,1,5
70.0,100.0,0.02,230.1086796639873,60.0,1598.9096228111962,0,0
95.0,103.01417240224201,0.013398513477776706,287.7809157968222,62.412598268436525,1614.5252021571807,1,1
70.0,100.0,0.02,305.7879529794068,60.0,1481.9102945741367,0,0
95.0,87.10008573769932,0.00859382036307613,309.12632976761427,49.097056500980436,1518.1737701877387,1,1
70.0,100.0,0.02,331.4591758988042,60.0,1414.8565466753514,0,0
95.0,120.97921281967558,0.02105926927928582,323.83040735851426,53.769384951265344,1463.7161649543943,1,1
95.0,97.02131892370329,0.026046372959219386,391.47197062125605,62.808889217465065,1352.0266724859498,1,1
75.09638556802868,100.32345300791596,0.05,207.20447941199822,57.7859250576058,1591.9614943958402,0,2
95.0,106.64723966277347,0.021223590383591364,226.78846683478997,49.96840276763227,1457.7950579396638,0,1
95.0,130.29428709531314,0.03187406688465935,307.68197515463874,68.4787159439085,1731.2279064485915,0,1
65.16542702004652,96.31951092990464,0.05,283.19712544424056,68.47164270751897,1287.4783223850545,1,2
70.0,100.0,0.02,270.8509197577589,60.0,1531.7613454495229,0,0
95.0,82.13440894212943,0.028964354934743544,409.0554629045115,44.78634230351844,1546.4266072658343,0,1
95.0,73.34196536924898,0.005022910966406202,255.56648651248005,68.04958737640621,1786.6589364778768,0,1
70.59120114210167,106.90799645789127,0.023242748027192957,366.71091365939685,20.0,1387.969276823806,0,4
95.0,114.36146496846983,0.027381213060582332,339.95281523830823,55.214428173590484,1275.5789981219705,1,1
56.349153343196875,101.80644368277068,0.011332370460600262,302.5889649462986,36.1508717122006,1419.1428784011773,1,5
47.10478481978015,70.0,0.022878652357589332,308.2447575833792,85.17297351240683,1627.453715439644,1,3
71.12346618542746,95.62959884958089,0.05,352.7815751233125,61.4238927052538,1650.2803075548784,1,2
70.0,100.0,0.02,295.1516992417258,60.0,1400.666631217862,0,0
71.4899614824229,70.0,0.02467832638758738,232.06185200543837,86.02080739048372,1688.275602019242,1,3
80.39272543094448,77.85957818144695,0.033835987326456554,342.70111641466366,39.55837582596243,1503.1896475995804,1,5
61.54020082317599,84.77443146067306,0.03083941618127817,210.07077196718143,46.745557053960574,1573.862370799391,1,5
70.14118923447174,70.0,0.0022820870459851934,404.70922536637994,49.56704738504104,1582.5969889111338,1,3
57.10252274249087,122.1429701731751,0.05,266.63966944652634,69.19347612631563,1612.4346493625512,0,2
56.70535168806968,93.15137889033808,0.05,268.1160834595676,56.74145432694563,1318.4028839454722,0,2
40.960759675021336,101.34536317754969,0.011753708994744734,346.9693542773141,56.497441309567655,1534.0765553839415,1,5
61.128679376368765,101.49847683847788,0.025610408641297044,249.47526803192594,60.312102625056134,1436.7829083882766,1,5
73.7705571630254,129.6378685080528,0.04890022742202026,285.4868119647081,72.75483489534209,1513.41967326157,1,5
70.0,100.0,0.02,268.2745237819769,60.0,1804.939227554345,0,0
95.0,84.71904579516469,0.039600018898250024,239.7481482047869,34.50229368833354,1167.3400741653957,0,1
95.0,79.27338281773825,0.0007488586833392964,315.74592020013966,72.07058088832541,1320.5315305799213,0,1
56.468639061572404,96.09811692870827,0.02453171154673585,302.68146647891757,20.0,1270.3667902290933,1,4
84.13098879014916,70.0,0.0045409010509761556,221.97299858473042,43.26322176231392,1858.101867896817,1,3
95.0,112.03375406708912,0.021676673813649343,275.8303749393299,38.6278848065338,1336.2302397896033,1,1
45.03690410771667,117.33642040150451,0.05,177.2722232113095,77.03891522446588,1605.5690045263257,1,2
76.56733669825078,70.0,0.015033153277036776,271.38225258318795,58.786886780350734,1236.1696487398244,1,3
66.90009744233492,103.57795553113026,0.006426740604515637,297.50842725182684,20.0,1562.9527815694548,1,4
95.0,91.81381692717409,0.009683262416060273,268.9216006927703,55.62744674249011,1827.1887165403623,0,1
70.0,100.0,0.02,363.9886413364224,60.0,1596.9292239702324,0,0
51.98690605316503,98.4881260193723,0.05,271.402005560144,62.18325652589651,1541.2797135250053,0,2
73.37054941337861,73.27477570437043,0.017221296254338127,385.7641301066724,64.05601432118135,1404.0554399344799,1,5
66.85223626154055,73.27171212012283,0.02133741960556449,361.17882383108054,55.785316419159,1618.2393362726982,1,5
74.92358727243045,66.48195970460978,0.022503232096906273,271.04250000691036,20.0,1251.9570794176082,0,4
95.0,92.87627113436615,0.013432082688899012,194.20217043516186,51.52242147436309,1535.7181791036778,0,1
95.0,112.01561726283131,0.029015550247803404,233.9191465800644,60.90231473257566,1147.305065079552,0,1
73.61547386930711,70.0,0.007836007862373788,262.9901407991159,61.107412397319834,1344.7353925995776,1,3
72.64509039779988,88.97563768626675,0.03271314701744264,297.75480087265777,59.583876204667355,1407.5306543461363,1,5
70.0,100.0,0.02,321.80503354707827,60.0,1400.7362211057064,0,0
78.10820342885013,70.0,0.026091525282268494,216.84496747670303,40.454232533308144,1622.1062441569084,0,3
95.0,94.52602088771746,0.03232423979183605,316.74655098422113,44.82951235032678,1604.5589387423358,1,1
55.81775998866134,106.69046240770588,0.016227475237124693,213.9558512020629,20.0,1438.0497966495384,1,4
73.52065602012483,95.20525219745484,0.00582167501875833,350.0625895243823,20.0,1332.9203718068013,0,4
58.119868596568665,87.69561611594774,0.026008642512589546,356.90791045130817,20.0,1513.5647262875154,1,4
95.0,112.17291465210998,0.016303966434962985,294.9760360188448,56.93527407715211,1094.2872905148247,1,1
83.06006829827267,70.0,0.008930157243841804,328.8680274054331,84.94271762829815,1587.8245065729823,0,3
95.0,87.57325850680408,0.041250458500689785,243.77830832970568,35.22118588670892,1502.8379850347656,1,1
50.774013290848195,99.36308677323925,0.023861626139086035,228.3511863798735,20.0,1669.3492983766673,0,4
95.0,88.24364761399914,0.022535742587129908,300.2302590644081,57.31369068128936,1336.186979748599,0,1
67.03451246426157,70.0,0.011130708512246066,345.8218632841134,45.85069746017702,1316.2526872498415,1,3
81.97066076140192,70.0,0.029884574174006983,469.74692298024075,80.72551264809715,1427.8512440705802,1,3
72.03516255140418,101.26936716508715,0.05,326.70290538776914,38.3864670400538,1760.6718416886015,0,2
74.41864247439425,104.7509684464932,0.016227524130634368,333.3198011507578,20.0,1437.4952702446512,1,4
67.94728571853884,119.1532798458962,0.03300507218681664,275.4322676306238,20.0,1415.7016786768359,0,4
57.84641179725578,111.21909482204839,0.05,273.22193050275393,62.21601071830301,1578.6627227475415,1,2
95.0,98.38741294131039,0.0296277338648609,287.6039646862123,41.40771340133679,1483.0501105019387,1,1
55.83328302227385,109.69888199164592,0.013087129294493205,327.4014055493033,40.950722462695964,1409.4159566245517,1,5
62.1341813793196,96.04269512014088,0.02306102975867191,299.5488659684186,20.0,1701.5989630451163,0,4
76.56128966171478,88.73120105206232,0.05,164.71162331909665,57.150612289118264,1570.2039918299502,1,2
70.0,100.0,0.02,328.4882067986339,60.0,1928.4116714111137,0,0
95.0,84.22412787803711,0.028392732924659127,393.4842524267206,75.93135945976964,1439.8547616022706,1,1
61.81078299213162,87.00795372959158,0.05,348.3927957923235,54.19087033585532,1658.571543558618,0,2
73.24627944890383,70.0,0.0033554193314391523,405.3546335356247,51.67259752410099,1454.1539772388383,1,3
95.36563153206066,70.0,0.03192230922575039,339.92649557435755,63.669976030744536,1240.4563909054093,1,3
62.52042886615623,80.68037046859672,0.05,284.83310843715617,63.448722258343494,1425.317068284215,1,2
70.0,100.0,0.02,334.7554823375302,60.0,1264.765413564361,0,0
70.0,100.0,0.02,278.1339863426759,60.0,1505.2873984438822,0,0
95.0,88.98116338712299,0.014223129319049267,392.44500565508474,47.97075535860246,1305.0711322707828,0,1
95.0,130.32452368122645,0.019253376050960162,279.3544302962752,53.36320575097073,1005.0904528782561,0,1
71.25472798446688,104.18319730634636,0.027838061043600294,261.24571974395457,36.97469723514152,1482.9441868229414,1,5
65.69617053257194,104.49645017415202,0.013413772246704956,373.0849418883616,20.0,1167.4286425555315,1,4
65.87231132592062,98.32810639950237,0.0250362261262786,192.17583598166493,46.11010738400186,1571.5621422777208,1,5
51.53492676270203,99.39321016575296,0.028089674323293436,293.3593811740846,51.83532840315843,1317.3144347954535,1,5
82.82681496945362,96.34483392257995,0.05,314.3930701998995,66.44163777988508,1578.1889090323496,1,2
74.11677252398121,111.26942910368972,0.015974822729139297,415.4050179043088,59.90481862758166,1270.1209093652224,1,5
58.14869729695186,107.12315274993806,0.017681786251320657,288.89392662114,58.94661594142024,2089.4238393379737,1,5
95.0,123.05460472976577,0.03325438170277559,310.25504882008465,66.59697616833397,1849.688013756427,1,1
70.0,100.0,0.02,284.9611441346307,60.0,1149.1058025121552,0,0
65.88565301992055,113.43152283833774,0.021304980774337935,314.38303612700923,40.34137576711292,1108.7232802991468,1,5
59.32677280597639,110.06398674603838,0.017777470527149543,284.69105521474637,20.0,1461.2045776955174,0,4
68.15705456839439,103.80968930216976,0.008644837585194525,251.92599725930543,81.6341637613048,1682.3950999653034,1,5
73.06891469670921,102.98062715194001,0.01815271567600594,293.48124075516245,65.81305700153864,1433.127517075252,1,5
59.20074930572575,108.6948355666312,0.019873427181678636,326.1936183696488,64.92063124853627,1504.4749024283094,1,5
53.75402908686094,95.06245581659147,0.0018247018248706906,357.74989406402324,43.703348456225754,1092.629363165262,1,5
46.47106537877703,93.53160879708646,0.016638270350042242,199.75798748565234,20.0,1386.4686896948806,0,4
84.14375725857,109.23719514293049,0.011619755682303657,368.9250951714732,35.60118538831385,2189.1866689740928,1,5
70.0,100.0,0.02,300.3035206837376,60.0,1313.1182194760327,0,0
95.0,96.56408521867587,0.033987352871463414,339.8742247486293,79.36648074403014,1446.8783841407712,0,1
67.47225116540827,109.17044436697216,0.0376774555279201,261.99276179929575,71.83674294824183,1649.843690070822,1,5
70.76626646422716,100.07924012335425,0.02182327839174742,303.4596903457135,50.58594378500755,1581.1602854960029,1,5
95.0,96.08118407555972,0.02636090937060998,363.2969412211096,48.36383828102379,1648.9341250799282,0,1
75.09617504050253,70.0,0.016525871093190207,363.0797063400992,56.44980083753526,1390.265230367647,1,3
75.84895742401842,104.0601796851369,0.05,299.3118578278212,69.95521410289038,1648.9839338165891,1,2
70.06646351062658,70.0,0.02514544294596588,266.30740655554933,53.48934620276444,1594.6005502296728,1,3
81.26523630945093,93.84458746803193,0.05,304.29503522635054,49.75876549734676,1309.4011843469862,0,2
77.39881114807851,70.0,0.01725399710669598,263.5435387112565,86.6388496542372,1729.7806247041738,0,3
70.0,100.0,0.02,310.08462006008654,60.0,796.4697130953936,0,0
75.48078310682745,93.82440521721311,0.05,339.3187844577926,51.16508986584479,1359.9148173344138,1,2
70.0,100.0,0.02,394.5791003277715,60.0,1568.749147115977,0,0
68.40242592123948,73.50873092797275,0.02413658825230464,244.61736502685864,20.0,1925.3210984843658,0,4
68.59011831483197,114.22159341408708,0.05,221.34682741926935,47.978121424795766,1419.5996916775619,0,2
95.0,97.33001985038636,0.055932382707081424,286.12847165150595,55.788973547376315,1350.2845168447657,1,1
52.28616479876362,81.48579821005684,0.05,309.6007072017343,54.24328933045503,1530.4102694440935,0,2
95.0,95.54977504425533,0.023773256506048848,272.43986706756084,53.97219948510243,1398.9919552913366,1,1
62.840623657052014,100.21417213920179,0.04010098894886652,307.95617890391145,20.0,1538.4234957058702,0,4
70.0,100.0,0.02,343.0212297396673,60.0,1428.1495344783398,0,0
70.36525713571464,100.1816732573697,0.05,283.5112756793196,47.17807413468537,1449.461884589976,1,2
67.40995742670151,70.0,0.014685368975894663,262.23208796477775,65.99795843568603,1358.0319411931675,1,3
70.0,100.0,0.02,304.53623934173,60.0,1255.4879114579196,0,0
95.0,100.43098173779815,0.04068066055191875,358.43050939515416,63.23700402874497,1684.6864605953895,1,1
70.0,100.0,0.02,239.0742562746237,60.0,1368.995014578083,0,0
73.2762551054708,85.22070273221243,0.05,331.75187736899835,63.34939753449593,1559.3382893545408,0,2
70.0,100.0,0.02,295.5421440522215,60.0,1892.2746279814783,0,0
66.73882080985511,110.96354662431085,0.021890170345178317,322.27213003846566,61.141648641516284,1423.1419555391258,1,5
48.300107043138354,96.09615780303152,0.029379667658311348,270.4685153028938,20.0,1345.5832592913484,1,4
68.02171035945919,97.85407612403829,0.05,274.93910744458293,89.28644585753167,1208.7228541616214,0,2
70.0,100.0,0.02,338.2478960128593,60.0,1603.3730087133204,0,0
60.47915607013341,109.66726123445963,0.006841358455856332,342.09035846047686,64.47034588667856,1803.6700954467829,1,5
73.97222746974812,70.0,0.014949268974156577,363.22055806773307,62.02096877044437,1289.9339293918574,0,3
70.0,100.0,0.02,246.55441934659132,60.0,1707.0235657695118,0,0
65.63127825894429,85.2964585432067,0.05,310.68693054783967,75.627608581913,1568.534805965938,0,2
79.54583974231406,70.0,0.017210813685266103,322.2323052686799,44.550749888379556,1291.8792673911241,1,3
76.63755035239252,70.0,0.02012129786732738,324.25183415126094,48.640782997823095,1260.0096265272227,0,3
65.0798842302704,83.48263028365632,0.018450893507834357,304.41038440174395,20.0,1897.3669057624297,1,4
73.65713584878488,55.30357847902292,0.05,309.36868276941976,60.75149095539004,1382.9336605551532,0,2
67.68976249125839,105.18247255462423,0.026221685946498194,351.4659692676902,59.1004631512313,1715.2948435662158,1,5
56.26200610923899,70.0,0.03001166824612836,272.1520033109706,48.42928824713268,1654.2690149961122,0,3
70.0,100.0,0.02,330.27669146357005,60.0,1647.7175207405428,0,0
55.606817870016904,70.0,0.019696706173422875,275.27012550675425,66.41722020691822,1724.2238118640776,1,3
70.0,100.0,0.02,258.6089072779811,60.0,1336.1694377267531,0,0
70.0,100.0,0.02,253.1417143210265,60.0,1881.2861189154007,0,0
95.0,96.04089212394544,0.024719264107784803,188.74809353116711,60.773458706386585,1645.485324864204,1,1
80.98789152426008,104.68894524607236,0.026432224756475466,339.89632595174675,20.0,1460.9839330011823,1,4
69.05282413965196,91.63245090511042,0.03341943823003887,366.9796731404982,57.96336280755754,1495.2268222819164,1,5
78.54138100720182,115.98053290704121,0.01939603392984909,355.7970178045156,67.35592734107219,1590.3226287537525,1,5
61.66836058052767,70.0,0.008864793604374414,212.45753365390058,69.4215671847508,1237.5411320502694,0,3
80.1230397347833,70.0,0.03924910469852353,257.8419068542682,99.93439562098297,1558.6630478060627,0,3
65.28491298518097,119.71680044451493,0.035205238264467704,296.5895889042791,73.33948528662508,1631.2224725329315,1,5
74.85401337198479,107.12792957462777,0.05,277.86965151576635,61.38345078528103,1730.9809720323626,1,2
83.52259787771504,70.0,0.018388158800486328,305.0333914473213,80.78210894289383,1464.0801104467796,1,3
70.0,100.0,0.02,334.03896311851895,60.0,1489.4519533675898,0,0
95.0,110.59872814611492,0.018065910943128805,266.0694996178547,38.862687749892174,1643.2679145799646,0,1
67.71700159184721,108.27355082717122,0.03724101979792946,279.3675452744627,20.0,1741.8159126755318,1,4
59.361127780596924,97.3702308231341,0.025945069538350015,314.06518182588513,35.06115617089172,1723.734908018549,1,5
56.44862029865463,109.55919154314509,0.008533913870397215,423.6606793659815,20.0,1892.9474101783255,1,4
60.90970305825992,88.71545852333803,0.05,303.8840187821531,51.77534627989675,1529.8409676970641,1,2
95.0,103.05178609777741,0.003846292233787362,270.601915920509,66.4401801075272,1515.9524944501543,0,1
65.09584396556491,94.07520160213014,0.020722714068049444,284.3265895831564,20.0,1505.3492838048785,0,4
72.71535559145342,70.0,0.011900614087427895,258.5609880256848,46.53000200999299,1208.2594219719176,0,3
70.0,100.0,0.02,292.19535713474824,60.0,1446.8066135368736,0,0
72.76482828214552,70.0,0.03821674982044169,305.5867777468323,47.93556178627586,1901.707004183258,0,3
70.0,100.0,0.02,378.157912923488,60.0,1709.8009470367956,0,0
57.60782366573854,119.85809274545218,0.02912516791665514,437.59511093876904,69.08369371953947,1510.747717624044,1,5
70.0,100.0,0.02,216.92609207914086,60.0,1320.345844134385,0,0
65.6608744614561,100.65786978399197,0.015153543367196091,328.3667514458084,44.60425246485061,1475.7564575736715,1,5
70.07733071426301,99.48106417074902,0.05,284.3190012867054,50.60042872827643,1173.6195287785158,0,2
52.402959270177845,102.2268622737582,0.013368335529169747,338.7949798736079,58.16207073269946,1207.5314871843939,1,5
56.19603276265903,96.59037089902101,0.027681405681271573,182.57338870106736,20.0,1371.2212252102283,1,4
95.0,126.34036690597372,0.02017585913064818,244.15388574048143,78.62606163289342,997.7478364553162,1,1
68.03851101981857,103.06425919333488,0.015382760211609416,327.24343687235194,65.36900145303856,1628.5089458548282,1,5
76.31432918826073,87.29610040310315,0.05,267.338234287535,69.16517174028664,1646.3958774428936,0,2
58.15916155526524,70.0,0.032545031550395384,319.28937518996236,42.23096621303995,1589.655408377984,1,3
100.43573946242456,78.45521052070124,0.05,330.86288418441274,64.99988212613898,1545.9352212004358,1,2
69.01738247183626,133.7042696697688,0.05,347.6404785827573,80.61542257312979,1435.9799937445105,0,2
70.0,100.0,0.02,257.29636700403205,60.0,1674.9186264373302,0,0
79.74755157900839,70.0,0.01519217680768378,326.1247931996494,45.31506113012169,1572.2482276414596,0,3
83.83237289089368,108.44693230666374,0.021876344180758296,336.52346863625326,39.799315318379136,1513.0983408552006,1,5
95.0,112.19112008039114,0.017852471891282168,320.629535503089,62.72142434727887,2013.8900915582392,1,1
83.44024245502824,70.0,0.010388874118435861,413.0528472648476,48.90655492339884,1501.0395587362755,0,3
69.72725123470478,112.85208685575147,0.018086436937611406,376.7128276704435,77.57057818544652,1899.979291893328,1,5
74.73430584395646,102.52894339954038,0.05,345.2175552793784,46.59645755141893,1292.9299857671206,1,2
70.0,100.0,0.02,233.36380587282207,60.0,1194.2988504407151,0,0
70.0,100.0,0.02,301.42420069451504,60.0,1501.274262916692,0,0
95.0,101.98998631569586,0.01260593375699595,261.08487025451086,66.38777413950041,1645.6622884902556,0,1
95.0,101.92042522624867,0.017850425916461923,344.97708477889717,60.9265946992694,1254.0080463590737,1,1
95.0,83.26152434625891,0.03348806622133585,320.82742150472046,46.199988124987485,1489.4645548991268,1,1
85.88827553634567,92.99777327118207,0.05,243.34920315823405,61.91963422729936,1308.9410004178262,0,2
58.92022225082624,70.0,0.036230927725269535,365.34738497753654,32.58941449013026,1389.2833526701781,0,3
72.79773198681085,70.0,0.021507723647675,235.62524901385544,65.51201266390154,1371.6994038078446,0,3
95.0,115.32237231918403,0.029747468131202874,230.71795046299832,34.22147902663997,1709.6271309321553,0,1
65.66667489733257,119.99852046083691,0.01632048162035236,294.7512005842494,60.34843883325337,1649.2402267759592,1,5
64.18121133135557,70.0,0.023743184142372233,258.79769473513517,67.6929413024404,1623.8548353365993,0,3
71.445178561081,100.91764412881939,0.015658731851368495,316.804060045552,20.0,1361.6456446758725,0,4
78.41868908075574,117.90294107046233,0.022292781860815764,291.4840577444069,20.0,1613.9305109146392,0,4
95.0,100.0766889276587,0.009494561605778726,306.1785910117387,55.689213312918596,1836.347765844071,0,1
58.92733089695109,80.07026886443582,0.05,362.6521041829243,54.00816374055134,1808.5944555355038,1,2
80.23869310208437,114.31528066199259,0.05,357.3354183857443,48.813357211204945,1348.270540499171,0,2
69.23504545872946,130.53774644602026,0.012306645976403852,277.549266167388,20.0,1253.7250079127944,0,4
70.0,100.0,0.02,329.67308752126155,60.0,1698.8709025509074,0,0
73.17143683606929,70.0,0.024602651153133384,232.18933652150798,59.8232080818992,1645.710170254395,0,3
84.14356368852155,99.23623042294432,0.02924903157303166,261.4336749922856,69.79791612685575,1206.2104045172355,1,5
59.12589286429345,70.0,0.02339788597608267,247.4611910734144,71.79644849636004,1395.9189745117892,0,3
68.90137660676405,87.21627004268841,0.05,303.10513819128306,83.47848079285492,1421.9909193255764,1,2
73.05840790263578,70.0,0.029946460953170814,328.9596825005755,45.201585147985256,1322.6956258995065,1,3
62.72096259550261,113.5391859381565,0.05,335.8373828331276,59.389439999770026,1880.6646180889952,1,2
68.66961999050042,105.40143281774628,0.01839250606920896,284.61526523433713,20.0,1463.978128261768,0,4
95.0,97.10747457748998,0.010437796928830024,395.54003488053166,49.26858734515865,1325.3558959362754,1,1
72.73810855869564,92.0286964840252,0.024532485368827597,247.49930315141592,68.92795160862289,1584.0286820434026,1,5
64.50475469675926,109.47132596505696,0.034126895067507435,340.8863196526561,68.7843343161368,1375.6085025343723,1,5
67.12340793725667,70.0,0.02933625913820178,332.3127740960988,70.87230774238864,1739.64408690915,1,3
95.0,91.68212699293485,0.018165803128461368,364.92003849290325,28.276045852764003,1339.22920456116,0,1
81.15719943985076,70.0,-0.006481835208868202,304.9856558683622,60.23801751977386,1308.2451057865296,1,3
85.91465550015882,93.32286594080477,0.008343860721828114,302.73223992710706,20.0,1600.7170503680334,1,4
63.4953287283911,70.91880661864724,0.05,274.6869255851547,62.18517772813807,1567.845365064377,0,2
68.33934437120415,106.22114926968473,0.05,324.27649326224105,51.70508418136605,1581.4570737465108,1,2
68.3374242409501,103.61140033510144,0.05,245.58893900252676,35.23995691582252,1346.7506302998006,0,2
70.0,100.0,0.02,300.99250788800714,60.0,1745.1982049556,0,0
92.11662459109547,70.0,0.023887548330835395,331.2583440948965,29.526661829861688,1476.6123873418535,1,3
88.46685124824192,97.92163456400107,0.020198616198007974,373.20807104242834,20.0,1802.8772564392932,0,4
63.31874155819478,99.67198414705818,0.05,387.6095226966645,66.62319998267418,1335.211839544187,0,2
69.55318016919598,70.70219475020093,0.05,251.28092658769305,57.005968238279884,1792.6444812085422,0,2
77.20377413842344,98.06518845585529,-0.0018659495950926405,248.96668262023735,20.0,1305.1356673378034,0,4
54.17620128383828,70.0,0.02449933277399823,252.86530340900694,48.0036316551868,1669.2788106339642,1,3
52.63840353205795,87.77963636107955,0.023367584598367235,406.7567975341193,20.0,1432.155721807858,1,4
70.0,100.0,0.02,397.5778818617834,60.0,1752.876331277284,0,0
51.21621115105302,58.25355755663051,0.04633334908663051,326.2869404637007,20.0,1243.8036869977345,0,4
58.24664087061197,70.0,0.019393270274738708,207.0435578898618,61.816900876839014,1545.1098584861313,1,3
71.02610400046011,93.32440873084462,0.05,215.4755947561069,80.11743739652417,1260.896997274762,1,2
95.0,93.1194859785689,0.022359101573665656,356.251728786404,62.44193813150673,1453.0053984046385,1,1
61.49359602445849,121.77970542547143,0.05,258.4628484052816,42.80895475092017,1606.2839440661699,0,2
65.4938898225364,106.55712703204298,0.05,232.9682049071743,64.49832203712037,1430.4574222641363,0,2
68.95356342341744,118.9128406984063,0.017050589572083094,286.5852249967864,42.60245236767254,1658.3240586048848,1,5
95.0,99.091805738826,0.028888923825535612,302.511823242797,57.058382453534534,1447.2716993145168,1,1
74.18209115709152,125.42587340078323,0.0014673454171622927,230.4974058886895,20.0,1148.2283796107643,0,4
70.92536545632966,70.0,0.017857173117491753,417.51142418038995,58.55076536999911,1495.453181105378,1,3
90.29144274109305,96.75759166388156,0.05,327.3358750596656,79.09857182066719,1580.4937990546678,0,2
49.175595503927326,103.45980954641173,0.0038758549227741676,279.37998150728316,20.0,1230.6444467900646,1,4
95.0,101.04614521145632,0.01762693121485361,322.8591746965445,61.89675048765687,1588.356385177925,1,1
62.39356495968251,112.97204026113204,0.013576811929157289,282.4036401160224,20.0,1662.1409251549626,0,4
95.0,78.45971014298064,0.024728583979689384,293.9523018458552,51.323198134662306,1512.2036842259422,0,1
95.0,113.80844774301178,0.02009796750664646,329.9264282808633,70.11151772958173,1682.663222091574,0,1
69.69060236504949,101.55860464577977,0.013443720706733189,343.5110012422353,20.0,1672.5130386146675,1,4
84.69864625213144,105.52948296420345,0.021273090220711426,245.07956076610975,65.55157942219999,1566.2811485280597,1,5
70.0,100.0,0.02,299.649900225824,60.0,1735.0258440389507,0,0
95.0,103.14563210909954,0.009823636499644735,295.38559261329755,33.833113560196765,1234.7179982472255,1,1
95.0,109.32480986383906,0.026319271899497544,373.4992134710795,74.04910977682879,1837.936522107655,0,1
70.0,100.0,0.02,336.52381372767894,60.0,1272.6009084722307,0,0
73.90907002702124,106.33223302619382,0.025740550263365677,236.94895913521432,20.0,1751.9218169550643,1,4
95.0,96.52400290276613,0.011359719587270263,323.84098930464165,60.178522378118195,1322.680352453617,1,1
61.402031546699824,113.13989951257714,0.023078296313314612,285.5607433353549,42.35664738619407,1420.8370749138564,1,5
72.9649524494797,106.97383367479561,0.02120605762522002,278.1078295380858,20.0,1688.473423497765,0,4
54.21331715569244,70.0,0.033276912041707796,362.6154434274773,72.1473967348192,1689.433269826603,0,3
69.60319374292783,110.23772750151147,0.05,304.899593139645,53.43724361696148,1386.0295524687378,0,2
67.02913478498539,102.29035424892278,0.019684763057967097,226.7665354541274,20.0,1546.6792809551403,1,4
68.86392053816077,110.2677670143788,0.017037661400035774,393.3124391808758,20.0,1449.2181987627282,0,4
95.0,82.81142886445586,0.018214622305764993,280.02499497853955,72.46952429419264,1572.4587665705017,1,1
95.0,96.60469136621342,0.016262036796397726,345.84539471954827,82.226301007985,1179.0753367335076,0,1
89.8916758992374,70.0,-0.003839876128858978,306.9564305550407,44.624181960253814,1390.740255131148,1,3
95.0,116.71504450107358,0.014752443215068868,420.22066655363176,69.86303549997814,1358.343992455879,0,1
70.0,100.0,0.02,262.85257598318174,60.0,1517.5642398769849,0,0
56.80307457828124,116.62827520122292,0.031788287122119785,308.46088243939283,20.0,1295.273629061748,0,4
80.74504674013843,70.0,0.03682896194999377,283.0550943194361,72.20239126579283,1669.5042841408801,0,3
99.84130638302649,70.0,0.01432204854508545,283.282011977027,72.84285148532423,1693.1772952884653,0,3
70.0,100.0,0.02,267.8298600233521,60.0,1468.5396991932203,0,0
74.29268527392618,99.74393163840799,0.012429782106409003,319.9291564470332,20.0,1474.3806545919072,0,4
82.16728114143069,70.0,0.020726730437334296,205.26764252661718,67.50424239591057,1571.5675051556939,1,3
85.53606074450066,70.0,0.018767934713128445,320.5144677379702,16.035805355914704,1463.167686751416,0,3
70.0,100.0,0.02,348.16742004724404,60.0,1294.821947520423,0,0
92.17267234246984,75.76637931457107,0.019558519864222516,339.18437307420226,20.0,1508.601202747449,1,4
70.66367964822298,70.0,0.011115871905945526,298.5231845855471,57.89828643434032,1453.7497524746116,1,3
70.0,100.0,0.02,309.89771816027877,60.0,1235.0542158049132,0,0
63.78052386654134,70.0,0.017738418090370328,305.9032130619438,98.33279944597939,1605.7542633668015,0,3
84.03560345381163,94.03032168296407,0.02476477895739826,315.32934720696375,20.0,1594.062230586899,0,4
70.0,100.0,0.02,367.48295217939057,60.0,1344.4865015324485,0,0
63.33353690929857,108.48117745586644,0.01243363643613281,331.79417458849866,84.56397786159457,1579.1574970470438,1,5
61.70515564512691,89.54590853904178,0.03258779605419655,291.77554335541,20.0,1768.6308406951769,0,4
66.34546748525086,119.45864582878052,0.01728220376038565,286.73655178107515,20.0,1687.5919907468422,0,4
72.8954388429539,111.28683190391338,0.05,292.14073409962367,84.36711682340493,1575.3335076265714,0,2
59.21569819879746,92.78155215066514,0.030512280396557498,183.51905257171273,38.346365068625786,1572.609753486507,1,5
73.70514527855063,88.3706016017511,0.025603094559248335,268.97452950636944,20.0,1679.794181000196,1,4
81.34245695918881,83.157343316129,0.025485413173390647,293.8544558381341,64.07631350341744,1633.1038086357023,1,5
52.67652561878624,105.29097930509518,0.021089873487268842,283.69163714595976,68.01687559882966,1595.9428890632253,1,5
70.0,100.0,0.02,279.8303911362881,60.0,1588.3679448993769,0,0
64.61734070647124,78.72612411889509,0.05,291.5730216770161,63.58989669597499,1402.3975546701752,0,2
95.0,87.15147956462226,0.040874652654157295,420.4996835364937,61.95270036419498,1464.4040192644734,0,1
95.0,93.73016629542454,0.014572498741623658,276.42125686023854,96.09424135154231,1626.6413713304323,0,1
95.0,80.781918944423,0.01567870879815249,343.16534173460263,57.168940955249106,1289.1165870356533,0,1
62.9423292030567,107.87223641962916,0.05,278.559504292413,79.74860509775843,1768.7371956585125,1,2
66.72059258674663,100.8861351335377,0.002624381222570981,274.8617218652877,74.4090663566821,1340.479723774971,1,5
95.0,90.83594291018113,0.01642924538246781,235.76269117531803,84.49099530649758,1637.458921348746,1,1
92.05306018835857,108.27092823552191,0.02288843939594456,340.4926247936677,20.0,1527.1781075679216,0,4
65.50415041435713,70.0,0.0108410195313474,317.2060574029936,61.687862978565185,1616.277418364492,1,3
45.55281483090931,70.0,0.01902563746915885,359.7404763209641,63.21375189873796,1427.7636354326796,1,3
68.01548035183032,127.70876477966237,0.005360182818132145,182.66647123093034,49.99730014493949,1382.2856899497372,1,5
70.0,100.0,0.02,245.42439178222915,60.0,1721.5721056646219,0,0
95.0,83.39212298916243,0.01333082091706967,278.09591002375004,53.18848119546182,1384.9531667962872,1,1
58.28890412345072,91.12776499328098,0.05,359.4430034713414,50.75673791499402,1261.1925258076508,1,2
65.645240348523,70.0,0.010871378032563623,293.403426030956,56.791752422292376,1048.9628408426306,0,3
82.4177442128312,93.51885460194727,-0.005029453898570808,218.01831970400988,20.0,1205.819751152188,0,4
79.59765876985996,112.8064485319638,0.018457834666227,294.1086863949706,73.44594020244499,1144.8777111404747,1,5
70.0,100.0,0.02,291.92446842337534,60.0,1176.6998941733866,0,0
70.0,100.0,0.02,176.25334041654293,60.0,1700.042258378531,0,0
95.0,73.02032715356859,0.009997611975107328,327.5460098053078,67.56938255365668,1656.509881041511,1,1
95.0,111.42736495982297,0.017937878053933515,321.2925031960018,75.97030587995945,1775.7031464602017,0,1
70.0,100.0,0.02,332.1360176348796,60.0,1384.5712640853021,0,0
65.91413097396729,89.3780133282494,0.05,283.30432955714696,76.31738365216539,1499.7555109967195,1,2
70.0,100.0,0.02,378.04587529671767,60.0,1852.4297094095316,0,0
56.52219210380919,100.5992974097195,0.010259791267894372,265.05101083867737,22.237204094677217,1474.829106391088,1,5
64.61511181468474,118.20650430980828,0.022599553677160426,371.79421335080906,20.0,1732.6147031751102,1,4
71.33143607809025,108.96451603475688,0.05,363.9481502097979,68.35643362598583,1735.5590118702057,0,2
77.09978344898758,70.0,0.004410244456029928,287.1833822343057,56.28609159360563,1515.0595743077022,0,3
78.69544959621932,75.64188154296117,0.05,188.29998306694617,31.67021142246166,1672.2245244846822,0,2
64.4105819177169,70.0,0.03140606131167767,297.1416569986253,38.741825775154005,1545.9248646704268,0,3
95.0,105.82195591563536,0.02745708832751429,234.9006721931657,59.865549245898464,1892.9445576753747,0,1
74.46860821965392,125.4148627120176,0.016524723481176617,315.8356872920964,81.45721669536775,1613.0850056500508,1,5
70.0,100.0,0.02,316.2217141105669,60.0,1351.597750994128,0,0
69.85163907349599,100.75141068857153,0.01569791390325283,270.4720878722487,20.0,1681.3847311799939,1,4
72.91601003954887,70.0,0.012237736386350073,282.09920113360266,61.35469291661239,1516.270319106937,1,3
70.0,100.0,0.02,321.05091548825175,60.0,1243.7775195468248,0,0
70.0,100.0,0.02,248.43713518689282,60.0,1486.0578363364393,0,0
70.0,100.0,0.02,241.55320355319043,60.0,1487.5729381179076,0,0
64.22598290728462,112.7538138004434,0.05,258.8685287952088,44.301038786169585,1362.504565710522,1,2
85.04071572238728,70.0,0.009832459532546398,306.59700332771973,98.87510596747742,1599.4917972789206,1,3
95.0,127.2781862785179,0.01806220644446984,298.94228606788226,61.87972092009521,1665.5317039564427,0,1
65.28088354271452,114.38164337182819,0.01701177946939783,291.2470990625893,55.988181441124695,1149.2315380430628,1,5
70.0,100.0,0.02,280.45993691080315,60.0,1575.523909287332,0,0
95.0,115.18107719567489,0.026573385563933866,240.44494904466745,72.824249362537,1296.3109314306146,1,1
64.52948957046166,87.25901161011231,0.024155163076086603,292.7030311490567,20.0,1161.8766556770904,0,4
56.392938759109086,90.39714125528303,0.022039422263056642,326.9074961267321,80.07111985285604,1393.0967013500829,1,5
61.18524348427076,70.0,0.029980419587310597,265.04602473553854,87.46263510082359,1858.9879430245696,1,3
70.0,100.0,0.02,412.73175952516215,60.0,1511.2450379553372,0,0
95.0,79.71365576945148,0.012656125411211673,262.00074455676184,40.65973429184456,1572.034137922547,0,1
66.37506183777691,87.1156480921091,0.05,364.0355438071602,64.73486921308246,977.2789635385885,0,2
70.0,100.0,0.02,311.83186029942465,60.0,1553.8219432974372,0,0
68.08404424507982,114.16302452788017,0.01800465785119395,350.56779643959015,20.0,2017.4235123886642,1,4
48.43858999879636,93.45591897024407,0.01950419874142675,276.05146086650427,40.574016782928325,1276.1540055007972,1,5
70.28523494089545,70.0,0.028917934292480504,338.1930341456849,75.30340879621158,1413.0371037621678,1,3
65.98703703827148,84.59021985248498,0.05,248.54756114866075,65.93983899821617,1417.7071558501398,0,2
70.0,100.0,0.02,323.2364145436614,60.0,1233.6392468171491,0,0
70.0,100.0,0.02,243.5890304366677,60.0,1483.985912224142,0,0
64.17975986010275,99.01943371940315,0.05,264.2570900513104,65.2891567520513,1137.844021270058,1,2
95.0,90.71865277062122,0.008050603887781234,302.63645577006474,36.608276388388376,1697.7890923103862,0,1
75.3174697134146,78.03963429102825,0.009308104126438925,344.6424833113652,63.803233026123735,1724.8593058377614,1,5
64.84467639857812,70.0,0.05263993277225955,317.52969356190533,80.34598911510638,923.8577091733814,0,3
95.0,93.66014059723742,0.0290967057554023,315.58619412999184,80.06551329551422,1277.677573076764,1,1
80.5951770042183,70.0,0.025810005444090716,276.56619507159803,50.79948880816108,1684.866838221098,1,3
95.0,65.75846278594925,0.012916201930866001,241.60521082004985,44.018111617417446,1616.715786982401,1,1
70.0,100.0,0.02,332.61170856737084,60.0,1334.7711655911598,0,0
87.74714817223233,94.24714229558012,0.02024847556590066,316.9659559191485,95.71776923372164,1284.5328544691451,1,5
75.5127138239442,112.17976913297296,0.05,322.390578897329,55.2354030457465,1415.9510760285689,1,2
70.0,100.0,0.02,435.69716996217556,60.0,1563.0021531634454,0,0
70.87396790547969,104.64187402204927,0.018658112039623385,243.94861582637603,68.40459658983532,1456.7571205121187,1,5
59.90943303004433,70.0,0.003291737726943751,304.24711491899757,63.54288802089183,1754.2366371011512,0,3
76.13813234878981,70.0,0.009314016215439033,328.57875909141273,74.60215543971401,1487.220242233258,1,3
59.71662853234358,124.36397384479989,0.05,272.24826319891275,40.6417571161212,1212.9571426464383,0,2
95.0,124.02886955596881,0.01569758941901138,229.1187133935206,68.3288527031425,1727.3178038589913,1,1
77.28957108260867,126.4850587427156,0.02756409103758803,335.9563366180712,20.0,1843.6950326896335,1,4
69.88019115119074,119.79223508123296,0.02481189782748161,289.9452357429409,20.0,1392.9038867373672,0,4
71.89663436663237,91.95410097349006,0.011509487829352138,249.37014677256897,20.0,1346.0386769710346,1,4
42.93909720729971,83.05823469576798,0.05,293.0107870124254,109.85264208357407,1863.3630988269947,0,2
78.51625393408665,70.0,0.019982039022522737,313.8209838238095,23.48033384565634,1655.672101885557,1,3
70.0,100.0,0.02,316.3215311257406,60.0,1397.397282305037,0,0
60.419741702890114,70.0,0.027193510082672474,227.0744701119604,59.92522406247251,1209.234479814122,0,3
70.0,100.0,0.02,195.22748501810514,60.0,1362.651317719337,0,0
53.43585083785139,98.61240322045822,0.05,209.39677000939832,60.02330291025273,1094.792665571982,0,2
75.01930377252282,70.0,0.026998380723798808,285.26127442699055,63.991379139406206,1445.6267754611931,0,3
95.0,105.52667972535514,0.006914021948786889,310.97625255833236,52.338260601420245,1719.8611959851544,0,1
82.37839136504209,87.74648662369975,0.013623631697255998,380.46699874276123,20.0,1578.5844187425155,1,4
71.11712347034273,70.0,0.02185719618086258,248.38860877753996,43.95044026268633,1432.4479316742268,0,3
70.0,100.0,0.02,289.51877230630834,60.0,2028.1867822465874,0,0
70.0,100.0,0.02,329.8005815924771,60.0,1183.0731813957707,0,0
80.34656010290385,119.88709071510829,0.010435009704832944,329.9317293407046,56.03531179526771,1678.7646759642337,1,5
77.05151399216267,109.36929896488712,0.033009084108747686,341.9782463696695,49.94437037582609,1629.650321264204,1,5
79.11117432620269,94.51674219135128,0.01381311798233091,298.55461944989503,20.0,1577.0306273876365,1,4
75.26988040903497,106.24742716073408,0.05,292.3692169157976,40.55008602521109,1256.3990659432498,1,2
83.61950517094218,117.0510353985035,0.019320417087208015,352.72363858028984,20.0,1698.2537153173914,1,4
62.4124292341252,97.8152488641804,0.05,281.5034186490421,35.55254545237828,1760.098850172172,1,2
61.022265262197514,88.3476357839981,0.05,259.20971482422425,81.605294142172,1472.5775511991717,1,2
68.85174422870388,70.0,0.01852568997748032,248.3773138335629,73.75817688094163,1549.2723636801998,1,3
94.23727139796773,102.22768358697408,0.01182998218700669,215.6601102848618,20.0,1408.57018903968,0,4
69.56394638142557,84.33482241571619,0.05,296.2275438666352,39.824250761655776,1390.5297853382654,1,2
75.44393793180615,82.1830533535392,0.05,284.80337177231695,77.70239936383399,1378.3596532442102,0,2
70.32012458604666,84.96028837400918,0.016430023951549206,315.63640765031204,57.91118434809082,1405.333327085247,1,5
95.0,102.79980548402568,0.028542900601893337,369.4189865614403,52.84732735014232,1227.6958397390442,0,1
69.14570943014951,75.45551182849798,0.01167226063126914,354.75922280365427,76.30167315030641,1575.394119860925,1,5
64.33113838534031,91.60912098218157,0.05,351.58260736427684,44.49364417582412,1461.407521261963,1,2
71.7580564877268,88.5995577667634,0.03668556353889902,385.6223019574626,44.42259433448351,1547.7762501731809,1,5
61.381479236691085,93.49294781998705,0.05,353.1049131745847,56.227672595656266,1930.405298277267,1,2
70.20386524453954,102.92143102683342,0.02495516057167973,159.20797673356904,20.0,1934.2651822445991,0,4
62.57747916660927,103.37215687265277,0.01965924948709532,337.5336428395857,20.0,1855.3964488760296,0,4
61.89923900646882,70.0,0.01043358055972015,308.10196575858095,50.6008685642269,1239.8376283913233,1,3
70.0,100.0,0.02,272.2388535079635,60.0,1488.8237057564556,0,0
65.30998257326662,70.0,0.018851877909301956,257.1001745962931,70.81337352597416,1363.1757643548074,0,3
70.0,100.0,0.02,272.70742129499587,60.0,1734.571658752028,0,0
70.7490561709371,72.09273715260613,0.05,313.8257365899751,43.02918383750462,1759.2825841496885,1,2
73.59988984362744,70.0,0.01836909352367571,316.47500377186066,32.420885721545474,1476.038345476286,0,3
95.0,102.712827059912,0.028384702008855546,213.6475666095306,43.39488434739101,1227.6163635553694,0,1
71.83273048303612,117.60943087152572,0.05,299.1084845223747,45.87944623966016,1520.6653799671967,1,2
65.51869697985606,102.1214859254889,0.05,373.60436129515165,71.27839452434266,1654.8411743424276,0,2
68.8685490720478,70.0,0.022810805496251123,296.3790182642275,53.53439171120006,1489.6519317427535,1,3
74.59504331808213,70.0,0.034013396670991715,243.43492981134003,49.74606836741897,1007.5539162779269,0,3
62.5615983631434,100.99155867396478,0.02087379355649478,374.26529103538314,46.96210187717786,1586.7223481199287,1,5
95.0,98.61382818881236,-0.0021879932936234373,359.3646531123334,42.57543665096014,1665.61503606352,1,1
67.0986725198638,70.0,0.030004811631569317,294.5306862833035,55.966461633396946,1352.4416283984885,1,3
62.84517624657021,78.48424715064476,0.05,280.7301507977104,76.67578500312894,1537.1841965790313,1,2
70.0,100.0,0.02,326.96259226122925,60.0,1686.069706105734,0,0
71.72071311812563,91.42450311970475,0.027343250312490144,273.2308245916373,72.51027076183786,1378.5829167743325,1,5
70.0,100.0,0.02,356.3862334143048,60.0,1765.4565403319461,0,0
56.5893393339618,140.52578173710498,0.05,304.10160734662713,52.92740619863953,1363.53340959585,1,2
52.953320587530655,107.36460215134687,0.020721124038748547,302.40226638960576,20.0,1386.5557762166713,0,4
60.2602151145599,89.13586259407414,0.013041398175896942,291.94027840837947,20.0,1638.780213934191,0,4
95.0,80.57359616400721,0.013713440237136453,251.4517587003308,51.66774344998008,1740.9277309718652,0,1
75.61708531242736,97.01286007905016,0.02551238507045023,308.65780454560263,54.74344563586114,1597.3984901262393,1,5
69.90185221670603,116.12646908305275,0.028068856411173675,284.19255270600155,20.0,1563.3774660683164,1,4
60.84009044561753,81.47748498917443,0.0045298514824658135,178.87811219948696,52.10999915604692,1660.349309205516,1,5
78.17994093223524,70.0,0.020512098652237108,282.6789102443094,79.71157459997565,1304.363362962602,0,3
70.0,100.0,0.02,331.49448605827024,60.0,1634.7333329647367,0,0
68.86839403244444,100.85909251133506,0.012530333556127697,324.96887215674366,20.0,1627.5367824785708,1,4
65.76190444738651,116.52395313103422,0.02709112491004653,276.83722735907224,20.0,1799.484763769963,0,4
70.0,100.0,0.02,172.370766547223,60.0,1233.6044325236637,0,0
65.23675797965392,87.24194506397254,0.05,383.4021757750091,72.99143684348925,1455.3294407232129,1,2
58.89252846664675,72.3110697136704,0.021197758417349152,358.61628007375833,68.45515992381988,1573.512116105608,1,5
86.09013614676175,124.13033991801876,0.001568333317002131,324.9768901241837,20.0,1506.4696448112559,0,4
77.20506925628645,118.98795963996119,0.01644211239738873,290.8578369831333,20.0,1485.9604386749427,0,4
72.08985896765809,137.0355217965511,0.05,352.31276563818847,41.64313370605685,1354.3423312528337,0,2
68.17206937333923,97.57412070372251,0.02072676312935072,225.4377027490352,68.01071934283576,1595.7837914264974,1,5
54.047135737043156,100.58260386562033,0.021927477147925523,374.80945878979304,76.45693911464724,1093.4572812822548,1,5
70.0,100.0,0.02,324.8450064034805,60.0,1407.3771519657062,0,0
73.16131350074753,112.88959143594047,0.05,375.7310801992958,40.6289946984259,1737.3225455216227,1,2
95.0,99.01287370651177,0.02239632124860574,293.58007834626187,46.62908908540571,2021.9447827595327,1,1
70.0,100.0,0.02,168.18305218815468,60.0,1500.2570631121712,0,0
72.62128198069763,70.0,0.026319239425675447,274.76755034275794,76.63963900853798,1772.763135795547,0,3
56.55435608309789,70.0,0.03934299003737421,324.2094487905662,49.73019118942036,1541.8672532755577,0,3
86.16843576763922,122.32104264621898,0.02860352761815097,341.5647247802586,20.0,1097.8505182457175,1,4
95.0,105.47783575282278,0.033193372523242864,267.60187529245786,71.16447753410357,1651.5190197153952,1,1
70.0,100.0,0.02,266.6372036733214,60.0,1508.3970059982635,0,0
64.39888026080143,87.7043156871998,0.016413645373155802,246.47394724473438,65.22042619746524,1764.9489381821518,1,5
95.0,114.72975678898831,0.019862209078654672,329.955307342912,62.5037755403267,1322.4494819774554,1,1
80.7953095436206,63.22582280376933,0.05,328.89679834420485,80.0441456021956,1352.8080979411984,1,2
95.0,107.24005950282174,0.0434323798124025,327.67290341481504,46.58543405850403,1092.1774363336556,0,1
66.57798173583653,70.0,0.010850183649627651,340.9950653932612,48.304622768818916,1320.5781712513422,1,3
68.34709870485352,70.0,0.02662869359916622,374.927798881585,36.392864506600745,1442.758720670523,1,3
55.17478184356855,70.0,0.024528453361000277,270.46282544321855,60.63985909352114,1474.9278839413898,1,3
69.58988947381464,139.2570562097812,0.020880225931793547,279.368760977184,20.0,1742.9309501183068,0,4
69.68719250660197,91.94473880908271,0.022821441966319536,264.34640945179933,53.00789788913328,1685.7537089632638,1,5
62.46976276736458,92.42317383065445,0.05,268.2275852006352,71.32491193339617,1375.3259488662318,1,2
95.0,103.40775099867838,0.010780549901834852,253.23536521680694,48.68405186592119,1458.8205582762475,1,1
69.63072368376002,93.4264110313464,0.02266673156536898,329.88465133244193,20.0,1304.787031333524,0,4
60.06890786956787,87.85796545980732,0.02834704855047821,236.5749191762814,57.238415497732525,1456.9620599606462,1,5
81.09667711572773,70.0,0.021263050928166424,336.6575141527384,63.272620930468236,1440.7191997846758,1,3
70.0,100.0,0.02,193.68631123215368,60.0,1628.7697807734776,0,0
95.0,93.9715542319316,0.015126874432822932,230.43953434748818,40.67073509415479,1658.1908982349962,1,1
65.10282267608048,124.14984351534842,0.019629350265853093,270.99921830506906,74.70560627077431,1176.351663766992,1,5
64.33492500643119,82.05410022813552,0.02190129535664164,253.40672839786072,20.0,1186.565717839742,0,4
70.0,100.0,0.02,296.13954178547567,60.0,1225.8555458715123,0,0
54.20809726822988,70.0,0.029273556915438363,320.0834927287607,77.30733372622947,1253.058218457787,0,3
70.0,100.0,0.02,251.128182135849,60.0,1483.3087184735712,0,0
86.55108248931634,97.76457069731926,0.023251020496744986,197.59785434907087,20.0,1648.412819380717,1,4
63.90205172767859,93.04266559097199,0.005472992978590382,282.7533889969484,63.49642886846248,1646.8989388481598,1,5
53.324840057156024,96.63044891762874,0.01727387004183057,380.25110123465157,76.39007774662963,1340.21321688901,1,5
70.0,100.0,0.02,345.1713606913279,60.0,1451.0648185427722,0,0
65.37791580508348,70.0,0.025552923981540975,222.50971166329407,55.98589687433601,1535.1170437308303,1,3
72.70995313429738,78.18422709847255,0.010706262493430804,261.2669684817949,20.0,1424.4115967444575,0,4
63.493541163453784,70.0,0.028135815959865786,297.2882722314472,62.1406093860302,1338.1294044261288,1,3
72.06362059982906,70.0,0.031488123909208715,214.52732015572548,91.32188780530315,1603.1482875379431,0,3
63.80742738397543,70.0,0.022236316096330092,318.98249312534733,64.48495943779771,1697.4531428408113,0,3
71.77114658231596,70.0,0.025471893798524155,386.6105110527059,80.4167397275658,1480.9951288779334,1,3
70.0,100.0,0.02,333.65842059799564,60.0,1774.1651525058194,0,0
63.43247344425713,142.59044684375644,0.00969693963896636,328.32464815435674,20.0,1655.3776740039648,0,4
86.52170426918356,108.12553463552827,0.05,289.48926507334585,67.44642930686085,1935.3028529284923,1,2
57.86067475761408,96.57262351479186,0.05,329.10783405236145,56.57172037357547,1509.5491422419555,1,2
67.3423474326845,79.66516210904166,0.01208162447749088,296.4392605883392,20.0,1683.6233224072002,0,4
95.0,112.50518369420377,0.016223171522064036,353.0080821865617,34.585836198152116,1455.036677147075,1,1
70.0,100.0,0.02,229.42829617703688,60.0,1530.8355974919057,0,0
70.0,100.0,0.02,265.02515239885975,60.0,1098.830315805098,0,0
67.97038557124472,70.0,0.012080639921848954,362.3270063644347,41.04155637210892,1507.9190576942874,0,3
70.0,100.0,0.02,304.5417834625126,60.0,1380.948186457543,0,0
72.75893602452777,99.96538529779517,0.05,347.84273405632547,66.4276613167454,1385.7187145279008,0,2
95.0,104.36458732573313,0.015175125962565136,279.50869772103255,57.74490471381704,1765.136435656647,1,1
70.0,100.0,0.02,272.28139450242355,60.0,1652.600054485019,0,0
70.0,100.0,0.02,295.01800984381464,60.0,1322.1921189801876,0,0
95.0,101.46760871842184,0.02480963514899229,375.6336266412027,54.11017068246543,1389.1010211597634,0,1
74.47899650598383,59.930000906575884,-0.0015681564417540615,237.09961818087396,20.0,1425.856201215709,0,4
76.43859589509972,96.05262679926065,0.029703041114061385,266.73551996424004,60.04131621541167,1547.84278204007,1,5
78.61956785586858,98.17730258261139,0.05,316.00613651613327,56.37730181273987,1606.819585718557,1,2
95.0,84.52920583494998,0.018309338670791195,237.83285731877316,76.10456187421522,1307.9246747898412,0,1
70.0,100.0,0.02,396.8636798440381,60.0,1648.7428019325387,0,0
68.14590414131642,70.0,0.0028468646056110138,254.08646776168166,47.60120152215315,1188.505478042074,1,3
64.3649479959504,116.14593010821048,-0.006829023499003176,192.4505977519006,20.0,1273.9241895337223,0,4
77.22886269570412,89.68272337425103,0.05,251.93700393463692,59.31711562814902,1531.6734663172895,0,2
80.55625994813559,70.0,0.023750402154805308,289.0938899051865,64.39610341439611,1727.1947067596511,1,3
70.0,100.0,0.02,286.97288858236624,60.0,1357.183085830949,0,0
95.0,110.41312390248383,0.021788318951028857,288.2787605693113,77.12451400398572,1129.777739293918,0,1
56.9842422136099,92.6833208381171,0.05,322.90017313912915,66.66677599432504,1786.1555895629463,0,2
68.68075214834732,70.0,0.01799015808657624,225.4442189171723,34.860964801600964,1481.9159762177214,0,3
85.07449884309759,121.00758935449689,0.01332883979030217,360.48329948363556,68.10455460215842,963.9533666455577,1,5
70.0,100.0,0.02,280.4669702246965,60.0,1285.6036443865578,0,0
95.0,98.1414460074733,0.003873150678618084,393.43803327058515,78.52021754324207,1819.6887074140095,0,1
72.44570467785327,70.0,0.034152327071350325,228.8181955645755,85.59311782693669,1736.4112111142626,0,3
38.79425733880013,98.10273936941778,0.02317741876399739,272.073199288912,80.65953968346402,1014.3317654696052,1,5
55.77204670771373,92.78549467267652,0.03576939349167101,313.85305329518513,20.0,1145.0486295650014,0,4
95.0,97.53790133839134,0.011677463455566531,346.0154252573453,63.24818376180746,1467.7794241495596,1,1
71.68334566867699,101.94318241471794,0.05,360.53140261049316,59.956775896402334,1420.6548166310745,0,2
56.01019671789076,113.2450910307108,0.05,298.18660223277925,61.2478812986533,1946.264320372082,1,2
66.73384530675436,70.0,0.02244300398734539,264.55116630407355,95.39205986568848,1473.2517895091028,0,3
95.0,112.58416964795757,0.030019585552904286,317.08865841422045,34.34706317635103,1763.79532585248,0,1
72.93371695814561,90.20254496087058,0.011686892920466905,258.4832993544237,76.69745628659604,1832.7973177164706,1,5
77.2571481187944,70.0,0.01678770166476803,331.7294242563095,43.892047599405416,1562.7157198270922,0,3
63.469073407693806,113.16172810320028,0.05,279.74185714464954,35.93325334317431,1579.72175556687,1,2
56.35462992171785,108.8271250314192,0.012516220434200826,341.92384195503985,20.0,1505.6265618280233,1,4
70.0,100.0,0.02,265.59543393475127,60.0,1822.857378473244,0,0
65.87164885912004,92.55827050465274,0.01760432409629652,374.1393856013282,20.0,1473.6729888591672,1,4
68.19379595955252,85.34757173035666,0.05,259.91807035756864,46.715096553876954,1182.387593550401,1,2
70.0,100.0,0.02,253.21313466520598,60.0,1511.4206121675816,0,0
59.54179429753347,119.50565131006462,0.030216267377941974,319.3989806348934,65.75662683271143,1453.0457514238685,1,5
70.0,100.0,0.02,291.4570756449167,60.0,1517.5164899718948,0,0
71.53259037846269,70.0,0.013317588467699069,240.4754019209312,54.57656031838076,1239.1185259019462,0,3
75.99269143699982,122.8932532542942,0.005978787552107644,317.43356865077624,50.51157099649992,1351.7172314892239,1,5
85.44238343097976,102.36185513065199,0.05,374.47783001841714,77.88324421231921,1507.7237616239702,1,2
54.44850983761348,100.00101938406101,0.020788517248052567,323.33707316815924,20.0,1648.6365984323359,1,4
70.68698347468114,70.0,0.034101214755643,254.16257295317524,71.15463949122055,1540.1473632124616,0,3
69.31005407653939,70.0,0.036793723322781136,272.75971993925896,63.85718577490283,1520.1643664201458,1,3
65.7774283288744,80.74963708557075,0.013722580047227342,330.7251547833948,76.19140205541123,1323.759003916148,1,5
76.60628778078055,77.13905015186782,0.018233405787894445,221.22547756408176,55.45698483365351,1620.2182309964687,1,5
85.95461859861265,91.8423126856479,0.02227461464168159,347.89098265275703,20.0,1233.8150635425104,1,4
57.462776751620666,117.06928369887095,0.024470927478991725,182.7000045120527,20.0,1520.8997363683093,1,4
70.0,100.0,0.02,311.0399282309363,60.0,1722.413643609746,0,0
55.101016873147,118.40392905472305,0.05,290.9070971012541,46.95963557024826,1305.846262657515,1,2
60.72221190416663,87.57893735135421,0.012886906848886,312.84545815996273,20.0,1850.848816758753,1,4
71.00719444611718,103.05776502760652,0.05,357.3196451327676,91.78976168761243,1142.4978181464298,0,2
59.498160591569906,113.65854989501979,0.01622968581607818,278.2549527053501,20.0,1715.3657224966362,0,4
55.81154721301006,71.50931321528799,0.05,348.41141217270126,28.2411872295216,1720.3580513670445,1,2
69.24600453475264,70.0,0.008512756541490907,376.8398397054177,64.05665525217739,1697.3659534848573,0,3
70.88034919535954,105.83665620038448,0.03657775416218931,345.9812266248561,20.0,1694.2462157751952,1,4
65.72870468088196,106.51027827866281,0.01579027912143462,261.4381715192586,61.20099765185906,1593.4990320374295,1,5
95.0,107.35713156458375,0.012324285887093602,314.4431076866009,40.85228770317576,1739.440983176597,1,1
76.31646140966805,81.79390539049086,0.05,395.8181704418122,33.982943761445625,1575.489904471348,0,2
37.418866574985664,127.9033346573076,0.026439695024012853,320.49658241484195,62.324325921716856,1612.7916477559152,1,5
84.16705006042613,70.0,0.021681120486075883,317.0947625677418,60.973430211533895,1340.1591160953485,1,3
63.34990043941208,108.7643010961103,0.007582103570191628,301.94475765040374,20.0,1380.6004060027406,1,4
70.0,100.0,0.02,283.53612266962153,60.0,1715.9933518002656,0,0
48.82990524976475,107.5694811923887,0.033633460260665625,419.1808099740359,20.0,1309.916708259658,1,4
95.0,89.06622405355415,0.02881898314717494,281.8420474186625,65.32237589495192,1706.9016131075682,0,1
95.0,80.78227544748273,0.017285066270246906,304.1698065822339,59.51994177936477,1599.516773091917,1,1
68.88629484436163,70.0,0.022221288911414616,318.00394196706173,76.74028407966804,1165.399737414263,1,3
83.92822475907327,118.92186545201214,0.018575712694203654,295.22383766897946,20.0,1323.5949036067495,0,4
73.87621121832915,70.0,0.013482070783783268,333.4092881125957,50.30671637298649,1417.5658807216992,0,3
83.81487101229683,95.35967028697101,0.05,246.3082178080907,49.43364684102956,1465.1163813217831,0,2
79.24990728145205,70.0,0.031511955553133,290.5820191604746,74.90620809574189,1177.224661845946,0,3
91.95826353614643,70.0,0.003730858234022673,252.4230238789874,83.3046514067369,1386.6753653251492,1,3
70.0,100.0,0.02,261.5523569977632,60.0,1746.8639497249733,0,0
57.3249382968039,77.93290783401795,0.011135817502327878,351.40333593376425,20.0,1373.3086837236908,1,4
68.91079526588025,94.9131891819337,0.05,333.44117118391205,19.654078235118185,1590.2949207455883,1,2
70.0,100.0,0.02,254.41498732293852,60.0,1609.5088783871524,0,0
61.159738614487814,126.32852623636408,0.05,330.1548295255973,65.72779947673413,1400.5108595285644,1,2
70.0,100.0,0.02,193.0940761418625,60.0,1281.4920141528678,0,0
72.14962749125093,80.00902615242916,0.02094831796671707,306.1729082403047,39.73472743591294,1677.495650116866,1,5
70.0,100.0,0.02,198.82668807938862,60.0,1257.820492964114,0,0
75.02108780056128,112.24379364273742,0.035451850866224606,279.63430717151454,35.7338188697406,1632.8210060155452,1,5
85.54341333065958,70.0,0.025185398807978467,348.80797872864986,69.19573996641256,1563.4047776071855,1,3
64.99270733067621,128.39071882857505,0.01804996618312799,213.48329819075104,50.909036212351744,1469.7302646426385,1,5
70.0,100.0,0.02,355.6802757882538,60.0,1785.199834095399,0,0
95.0,124.91707937484067,0.029961793301334926,351.0443512528626,81.36188387501807,1495.9700972908608,0,1
70.20398247921801,102.29230107298329,0.024769015118567387,295.85373109079893,20.0,1743.9985399559166,1,4
70.0,100.0,0.02,276.25861204081605,60.0,1195.0893433987633,0,0
66.94047091719318,119.74732954304706,0.05,262.26136516438385,59.55823610627104,1573.4236352504684,1,2
70.0,100.0,0.02,220.9347187223587,60.0,1538.793660096,0,0
69.72091492041753,95.1863066733962,0.027707753877774133,257.35905989011707,20.0,1238.3172010402966,0,4
54.867836705800904,70.0,0.03836041177469514,338.103445296836,75.05125922435963,1543.397618598744,0,3
70.0,100.0,0.02,313.44816237257174,60.0,1334.4256022710124,0,0
79.88531123833633,88.37572268880837,0.05,313.73046056958754,80.8379727885032,1457.691538401764,0,2
62.20165672691727,108.12347538007913,0.05,105.38314786913372,52.546639965727906,1630.2747071266908,1,2
60.406916015641904,70.0,0.023187244748375583,291.93958579633716,94.09630771509481,1413.6431864874942,1,3
70.0,100.0,0.02,288.4163302064321,60.0,1219.4517455721555,0,0
70.0,100.0,0.02,289.67099957795364,60.0,1540.7981560816877,0,0
92.16320402184635,72.63809587087616,0.05,332.45175129946244,45.35457068503444,1717.1792656733164,1,2
87.50355308870033,104.51846649627629,0.007633062282983159,183.53510385871365,20.0,1544.5785492008981,0,4
70.0,100.0,0.02,448.10085012926436,60.0,1384.229405322135,0,0
95.0,91.93106874681439,0.02076477691252282,316.2536789657048,51.855319959129936,1322.8966909012313,1,1
63.60681937144539,102.58700635687427,0.05,236.36807119270085,43.45745023584761,1646.296925047962,1,2
79.3281847905902,116.33383765094183,0.022230004429456756,284.47528333481745,67.13500248123624,1742.7318442981157,1,5
68.0636708586563,72.89617375190849,0.025555661901334834,292.59507628006224,59.73971917657299,1820.64785720879,1,5
61.94839383874356,113.72998340037347,0.018894067665525496,191.1761212879619,63.03751084222887,1398.8867728273958,1,5
70.0,100.0,0.02,245.2162818245007,60.0,1549.0405741378088,0,0
74.57724758115852,106.10773180330435,0.0196951193664408,366.0867750728306,20.0,1374.4298881237692,1,4
95.0,72.3645087637009,0.013415212260603286,395.46018903093085,45.00495145445586,1559.051289185405,1,1
70.0,100.0,0.02,338.1309296429347,60.0,1554.7087987669092,0,0
86.2212642456943,103.3785619403991,0.01851580396316123,332.74608359351026,55.986429275564504,1449.5830268732034,1,5
70.0,100.0,0.02,276.5022502267865,60.0,1438.607574669528,0,0
61.10931626338783,80.48266276470372,0.021649558682074285,217.79540459188289,20.0,1404.1325266586257,1,4
70.0,100.0,0.02,263.2675213861352,60.0,1537.8209362672599,0,0
74.91889547725813,70.0,0.009791893407363656,286.5742397767597,50.345878728676084,1654.1230137142552,0,3
70.0,100.0,0.02,286.93993794545634,60.0,1348.0747576216195,0,0
62.80696869904987,98.64016468642153,0.003800986074733125,278.4370502792727,61.92851331831242,1705.5569638082302,1,5
95.0,98.88295795001294,0.01798671513025598,265.34404699667596,34.4282969332686,1350.1357973023044,1,1
72.32318735433002,103.6930273777924,0.035293348027215926,360.96099555904505,20.0,1608.1835063274955,1,4
57.10811402371358,108.98759884735712,0.05,311.1790181796328,61.63432605133582,1489.187325691706,0,2
95.0,121.48783660913003,0.021080073202161882,284.7043104712545,68.88027548562579,1146.7040511383202,1,1
88.09701386241883,70.0,0.02206263008493026,310.37689063493434,89.60786853350207,1478.2149966485392,0,3
59.920290287444146,121.33494161077653,0.010552898080643695,362.4114531067719,20.0,1522.272168008646,0,4
45.024097844012324,104.92393661620868,0.02498951111300133,257.02283181223953,65.57260463640203,1470.3064788563509,1,5
70.0,100.0,0.02,289.04247380802155,60.0,1459.4486890534884,0,0
95.0,79.60489467994846,0.013929120317750107,332.0175706916772,56.427157970655315,1509.968129169214,0,1
77.36513843763453,70.0,0.033527470170588505,347.37391525665083,35.21677398891579,1371.776651720997,1,3
70.0,100.0,0.02,330.8584707398781,60.0,1819.6925748071023,0,0
95.0,88.50770446950675,0.02290438235305773,273.62880335525404,67.04636283172137,1546.943311823677,0,1
70.0,100.0,0.02,275.967617526596,60.0,1512.980744252196,0,0
74.36174772053153,111.67378596625021,0.04302035109195794,324.3742224683702,20.0,1654.8438510898918,1,4
66.96899480095026,101.57605860727871,0.015085979177404663,299.53615419395163,20.0,1628.6278660233736,1,4
70.0,100.0,0.02,278.3172370716531,60.0,1781.5128990897406,0,0
81.332052284398,70.0,0.038985518193581994,308.2042602889816,75.89595631621098,1668.8374926590932,0,3
69.43248979112505,79.31536729959168,0.01906512158827308,235.12625526760263,20.0,1806.3935843187453,1,4
70.0,100.0,0.02,304.7206095093588,60.0,1115.2447329017132,0,0
95.0,112.69964075248637,0.028426390110138644,241.138490751141,49.2113237476846,1510.5884917385983,0,1
75.17468936945787,113.77513155478357,0.0043629110526788445,370.3283701351942,72.06619159520609,1118.7733133873985,1,5
85.22044273970054,96.94171869256067,0.0203915287485557,306.6232331776046,52.13659205557906,1581.383470369653,1,5
81.91241128351358,119.95813203376106,0.05,291.4196599108754,39.879583485812645,1734.196099892688,1,2
66.86790353940863,70.0,0.005162385692117265,256.82013679169177,59.544223103421565,1326.3588056759052,0,3
70.0,100.0,0.02,305.8105853221186,60.0,1384.6588042399767,0,0
54.10324557941257,70.0,0.02039255946942334,276.90346094149226,43.20154220534751,1399.446713018649,0,3
93.22774347194712,101.53829219811277,0.005225523321903132,232.92546731002085,47.80849418337983,1548.4770352304497,1,5
95.0,97.76519954767215,0.013402054641493598,321.57182494162413,77.36477108038426,1352.1842775780115,0,1
95.0,116.63214660870513,0.042923112599628846,322.7537434845058,68.02521819732466,1502.825123992302,0,1
80.03480050234187,91.08476627550564,0.05,315.23705821942997,48.89071256000817,1035.1752433661543,0,2
95.0,71.05834459335345,0.018319923039555642,284.33697895059834,61.43101144694292,1676.233091738176,1,1
53.17362097372396,86.410118346651,0.05,210.15477102154057,70.36773664952928,1484.902335568429,0,2
75.835108715316,78.25499668285947,0.01826079641390877,280.4559881531194,63.08972637148047,1879.2356224071345,1,5
68.77204041872885,70.0,0.022045930200092653,223.00873107487035,58.94193187420185,1536.427128170039,0,3
87.95933551303477,124.2688166371992,0.020090551953014412,314.08639213031086,48.279874734572964,1628.233750259776,1,5
70.0,100.0,0.02,299.9171181410284,60.0,1415.8748637141057,0,0
76.66898211294624,70.0,0.02798312224323396,303.48608546740775,63.88665011508742,1206.2461037884304,0,3
66.33921461913226,63.1143064315301,0.05,329.5955429542297,69.14167186238586,1251.604197188125,1,2
65.97320140142503,91.35056799422668,0.05,294.9294134213689,57.866717128155386,1376.904187678192,0,2
70.0,100.0,0.02,267.8402622859476,60.0,1582.6194864559602,0,0
70.0,100.0,0.02,243.3605173756385,60.0,1557.2767245874966,0,0
95.0,112.55313957050666,0.023894818688045313,343.07954833994,57.23379910765102,1732.7103490927727,0,1
64.68778199190078,119.91386847464005,0.004596396100219342,352.1833309127183,20.0,1085.9343083102108,0,4
70.0,100.0,0.02,285.09512167851017,60.0,2019.3216719378122,0,0
58.03422215488476,91.91318266969814,0.03400225991803607,305.94187909958094,20.0,1667.5340950918335,0,4
95.0,111.86289642415721,0.020527247376131107,257.0760451618487,64.42141529355322,1539.2200376245694,0,1
95.0,97.57985553391568,0.02368686778337254,332.5658250956558,47.060162122426505,1045.4691129783866,1,1
73.98389201069949,70.0,0.013642890931273702,220.11932352017305,74.35852279353153,1306.7561920785029,1,3
70.07587740458732,100.68553145454285,0.05,371.6603298070651,71.63422670894096,1729.5691437754458,0,2
79.4647088025409,100.41819509996851,0.05,220.12842749063626,76.88263747723012,1431.184580829372,1,2
61.23604365927145,99.84210015548939,0.05,307.2014462259461,72.18347515043092,1487.9279758681441,1,2
78.12247845559246,108.51793687458697,0.024954306053698003,260.7432084923126,20.0,1447.9267107594362,0,4
72.93830966226855,111.47294719113852,0.05,302.72750356517,59.42189263936244,1366.106374055845,1,2
70.0,100.0,0.02,237.00011371115272,60.0,1655.5751370500075,0,0
58.28076016412656,114.21706074245479,0.006836935258563886,352.3362630293615,20.0,1446.330960464457,1,4
70.0,100.0,0.02,222.53079483695166,60.0,1710.1781937857925,0,0
63.65894062389658,100.03417902662999,0.049122778083608834,355.29093630632235,20.0,1676.0371703501783,0,4
63.778921487221574,101.70950154461372,0.01472983012342849,209.16723099614381,20.0,1683.5586162168718,1,4
70.0,100.0,0.02,309.8747476887317,60.0,1165.9442295564827,0,0
59.69381875068653,85.66620349173574,0.05,354.1599592686646,79.63560471785439,1364.20406808768,0,2
75.36550168685876,70.0,0.027357032791668078,356.9603825054112,51.46322798792936,1692.2886609312543,0,3
95.0,77.24997505846119,0.03415493455648372,272.96461535533604,48.684604227174425,1562.1488675683304,0,1
71.10727437665412,83.45771037931854,0.023465486109791704,221.44123350969033,27.341692070199585,1647.2083461014963,1,5
70.0,100.0,0.02,288.26725600724546,60.0,1667.0624784013944,0,0
95.0,92.29480855044088,0.011606717344969802,360.9569274785676,55.08036246913005,1424.8976149391476,0,1
61.11059899702592,91.76230824839136,0.009994906347884292,349.50236785040624,67.82314448448582,1179.6489322447705,1,5
73.8978010111178,121.09669990763473,0.018539513854501265,322.8123204133989,20.0,1502.6092553362444,0,4
70.0,100.0,0.02,304.7705398379818,60.0,1657.256118282587,0,0
73.02796544644019,91.57913397393003,0.015086096776226972,302.88070946871676,20.0,1393.1696945719254,1,4
70.0,100.0,0.02,364.8399235030673,60.0,1843.2878088600924,0,0
60.44337393003403,70.0,0.007197577392188627,367.5117504953654,46.34027598472394,1706.1941092992183,0,3
70.0,100.0,0.02,310.86253267250123,60.0,1489.1718651110245,0,0
67.73901235749032,70.0,0.018761307942843544,281.74234625739933,52.944591061952146,1937.522425150535,1,3
95.0,110.08307820250641,0.02076624615532881,291.9042694819794,57.96245666579358,1689.1210418760168,1,1
64.20936157692046,98.47308346361234,0.018076659390398757,201.44175331768196,20.0,1363.8506470757686,0,4
79.02362950849593,102.16777975862175,0.031003845129585324,283.5924934236457,41.33845424586676,1810.424376807626,1,5
63.986637527138164,70.0,0.01373884782091329,330.93043039181026,73.30806542875216,1454.426037726474,0,3
49.1176153583411,70.0,0.02341130030213229,341.56257916652885,61.36183498135692,1699.0276080132012,0,3
64.30746515505045,115.56543293502538,0.05,345.7882217438927,39.552091794854924,1335.9276480901815,0,2
70.0,100.0,0.02,316.1246414771337,60.0,1989.8055226002916,0,0
73.10094335896363,109.13608647302436,0.05,387.30390056639715,30.999244217204808,1530.8286887067516,1,2
52.82466370069148,94.10104036492012,0.012655714950664601,305.4093825445288,20.0,1356.326234651942,0,4
55.50731337158776,70.0,0.016601248212713145,311.8253743998838,36.761829724844205,1503.0316084247643,1,3
70.0,100.0,0.02,334.40794782843346,60.0,1827.680185773407,0,0
70.0,100.0,0.02,374.6113723277431,60.0,1576.536843218937,0,0
60.61992510966942,131.13724015924092,0.010832051373599364,251.9327292078176,78.34736088426403,1447.5512391651455,1,5
59.8052007429729,114.97141801433042,0.05,349.44858899174153,63.784328685761146,1388.1686712511494,1,2
84.36483333088768,77.86595116825208,0.013854676237378818,285.85880612390406,26.364918416739954,1405.4983650412744,1,5
72.37692075193021,70.0,0.02318186924242462,309.0951121276488,63.65495682470063,1524.941151879504,1,3
79.21223590807152,89.4891322008484,0.05,375.9129255360035,43.54911155910442,1536.9801148027284,0,2
59.14845186251463,89.42943253105935,0.019969204874626768,185.4335682806884,20.0,1531.8239307677989,1,4
95.0,108.65278077859018,0.02207703671132258,307.67403679428736,71.40812041049352,1621.2208497624388,1,1
95.0,108.27248119832126,0.017789508062404202,248.26138729448581,55.804387193168566,1509.453730885968,1,1
83.22839679704526,78.09017653471864,0.0128674871703988,264.74144449350166,79.2351719169219,2082.6313855207723,1,5
95.0,104.65904197007492,0.02423658801328846,311.31446672503415,77.87694122745407,1593.3707878846687,0,1
95.0,104.36559626005172,0.02183383949406847,398.4897340006528,58.10860989689075,1482.7866508796076,0,1
78.24049435583828,96.38099877739705,0.05,307.14476836867766,85.07557115727633,1359.6250822277752,1,2
66.11430615573558,70.0,0.008990754956487658,147.1923572579674,31.49347246546749,1674.80658492549,1,3
95.0,114.33421476419107,0.017860246212447778,341.39380884875993,94.18350964110797,1378.360149575256,1,1
61.2789445646068,101.9568629315305,0.05,324.1959214121961,48.451803553580675,1356.7507195297933,0,2
67.15802095823668,111.77531393048855,0.01842436972374081,259.3546361311524,20.0,1746.3210599816935,0,4
64.68806399946574,91.43283610662597,0.03132812776167489,279.07208623566606,37.11256401721662,1352.2763969782623,1,5
73.24513110262346,74.74938131572884,0.02595849609912077,242.0453287673654,70.22261246070188,1488.1772225102695,1,5
70.0,100.0,0.02,288.0395930103783,60.0,1714.4159612579538,0,0
66.61067439426355,70.0,0.03224432662144152,301.02437689992473,67.52168193938593,1545.7158144396487,1,3
95.0,106.02570558519609,0.025963529471289565,288.08671707856644,61.518512007770155,1648.0454469051094,1,1
71.26630627348403,70.0,0.017663911866515683,235.40978467797322,39.075075237535486,1793.6969375300343,1,3
75.1027829010018,114.3470125605736,0.015844879911249096,360.82041603563226,65.76351623853917,1333.9604107299633,1,5
95.0,103.25321167038165,0.006582416117259314,246.269411520858,59.08151340484596,1249.6241245102397,0,1
72.58598222540216,81.7119504611993,0.04123744627267746,344.5670052904705,20.0,1267.2723350962704,0,4
57.87061010582734,70.0,0.018349214646843467,288.1768731187409,70.29449729839315,1875.5803081057597,0,3
95.0,94.83516428584834,0.025034679186332492,319.20498131952564,35.77224474563235,1481.740978212154,1,1
71.05097822109545,70.94818347936514,0.05,249.5370812696034,70.27191264417193,1334.4667064775947,0,2
70.0,100.0,0.02,232.69460790739114,60.0,1784.5363365707353,0,0
70.0,100.0,0.02,299.531808367115,60.0,1276.1683256922383,0,0
70.0,100.0,0.02,350.6765250782393,60.0,1509.4221263323911,0,0
72.61637064311248,70.0,0.019342140445113093,296.3859524921176,74.14328820699309,1498.4891463758388,0,3
65.59227137951397,91.48328139805989,0.011322118254593587,348.78069294582696,74.33431241116133,1403.257913659133,1,5
95.0,106.62504756859015,0.03234689639621395,305.5394083023893,51.37985951025501,1393.4446815068884,1,1
66.0300316984412,98.85472391969002,0.05,275.0513950487178,52.128028966127104,1382.1902060582174,0,2
68.16685711735092,98.28406603909116,0.028350269034039165,313.9901016460304,84.44515340924158,1672.4053026249621,1,5
95.0,113.7242411489889,0.017048420053913906,251.79712390287511,70.6425513489718,1537.681573415825,1,1
95.0,117.8000977630542,0.013080163061097747,332.34010970802115,72.13527778046816,1796.287322426656,0,1
71.85783890651429,102.89889627716698,0.022438166452236005,216.92516199321727,20.0,1537.0567692326383,0,4
70.0,100.0,0.02,276.1390626174463,60.0,1559.1482729402126,0,0
63.43008722692348,85.49102404934739,0.025630080436980878,166.9804777771912,72.30957573187958,1560.854657864174,1,5
64.27247868938947,92.33458463122851,0.029537529703611735,307.104395975672,20.0,2098.3454247723034,1,4
97.78998746581783,87.46481303472078,0.05,284.4895766938747,53.22727153816955,1801.2535473794785,0,2
70.0,100.0,0.02,351.62965719451256,60.0,1802.6871646238496,0,0
95.0,80.85708274155046,0.03295362509888044,323.41156501472176,37.37140544603139,1495.7696872549436,0,1
70.0,100.0,0.02,332.3839390380172,60.0,1309.849669567961,0,0
62.76695440222614,88.35724644289239,0.026578385009692337,313.7348978221524,20.0,1848.991468475678,0,4
84.53696309121193,91.05330061274336,0.05,318.32568500992187,72.17206250276985,1720.298804153951,0,2
70.0,100.0,0.02,355.54943173159313,60.0,1432.870818771892,0,0
70.60829504781955,70.0,0.022275980840793585,319.9620451283788,50.48747825691116,1307.5071093744273,1,3
71.87431565419764,110.19671298943757,0.029026896680083687,345.7303836742802,20.0,1926.9975183614,1,4
79.23324100627364,105.45711516588531,0.020470152750352934,291.99246088063114,53.1718832755695,1315.2607699135915,1,5
95.0,79.7391113865609,0.02114392849070897,289.0631005542905,46.346421675792236,1242.210957411825,1,1
95.0,119.41540430936115,0.023394841788938702,330.41940107153283,65.25621925847156,1342.7026881080449,1,1
89.265188206975,70.0,0.012776751250590194,232.53235114895824,62.46612857402341,1396.4022660317405,1,3
78.48552593285827,86.65358844912504,0.002228030830150593,250.66407448466077,20.0,1818.9413727331842,0,4
70.0,100.0,0.02,312.6257624898319,60.0,2024.4165938511765,0,0
84.06713415323136,111.6601835494073,0.018202088360026313,342.4360232821482,65.61230353927618,1662.4414531835316,1,5
75.77272141017957,102.83498170308302,0.019911068695168583,407.84454950206543,46.90836578224828,1669.3016650321588,1,5
80.48230783555475,65.70954934003274,0.05,304.3901411351977,32.845799743262916,1584.471607812622,1,2
59.42916723852503,89.50925035766767,0.01956224122927816,418.8562398893984,49.89216752773642,1340.5926442001992,1,5
83.98579176714597,102.7963895979524,0.02043712930440446,283.6583741013879,60.937029105084555,1496.4992830682957,1,5
86.27152575458393,76.77583665404703,0.011356443722624995,266.002350835044,65.14037688423251,1737.734801967064,1,5
95.0,111.74908990884151,0.03330932803627874,262.2259247931885,72.14183240831574,1548.4180506687267,0,1
55.3595254377408,70.0,0.03570146816694211,308.78996961130355,40.37769389539716,1490.9986854785598,0,3
72.58797559937109,70.0,0.019748678466336933,411.14369090819247,66.4324638632597,1564.8621312301484,0,3
73.36685220324841,117.34264769281732,0.023012970751454906,362.17090480701734,52.66721181379933,1361.302103670314,1,5
73.52996097915923,102.3647172717756,0.05,228.61042760263456,55.53441176872704,1401.9868240969645,1,2
95.0,99.10748267480069,0.021487031484864506,332.92556145233743,80.02925763166917,1434.8406236491976,1,1
62.418384625957664,105.4712391809072,0.032165456828972705,270.6126638861281,52.427652529307544,1628.3394570239525,1,5
74.91537872334553,70.0,0.022424332590015653,303.67697730258817,71.05459793915949,1678.6556440393426,1,3
76.62514570593933,100.37445242817415,0.030285715363705404,268.68022407564246,20.0,1469.5095559469964,1,4
72.1627767410312,70.92779302747682,0.05,245.55941979243315,47.40174409006762,1152.5670019313368,0,2
54.207160490608395,97.76712247472031,0.05,289.2791646878584,32.47165430389137,1213.316648365712,1,2
76.08864138351933,73.76167418275504,0.04161836514343166,330.2988663314512,20.0,1578.0455818400765,1,4
68.76267408630552,113.01984681005783,0.010871567558239273,283.5332012837053,20.0,1929.7433683104668,1,4
57.05143620983676,70.0,0.017240780618412447,349.06296194470406,67.72722339646525,1256.2504449056817,1,3
62.39083683219602,81.43992230205605,0.020427610446235474,380.404851006584,20.0,1490.2195311026483,1,4
95.0,82.18336615615134,0.0011739402037615893,270.7575216517194,71.05170279791001,1415.8396146145767,1,1
70.0,100.0,0.02,237.84415768672102,60.0,1683.368997392977,0,0
70.0,100.0,0.02,358.2749105479014,60.0,1193.9026632454434,0,0
65.71736316805573,70.0,0.021045131371718807,342.91020087558536,61.40874110064628,1344.371493607615,1,3
76.17933791351287,102.1060077857062,0.05,325.33481980986903,68.0332044300328,1884.6742819074175,1,2
95.0,144.1480664858819,0.004504112754970056,252.78491618708182,75.45947525656872,1270.6104538312825,0,1
72.41541444670385,104.4204554235955,0.023089912759314938,352.30583616091474,75.79966680517435,1173.7695447464803,1,5
95.0,98.04083477693767,0.026753303258885416,263.81342947727984,33.89486851533864,1330.8337684212481,0,1
95.0,94.2514106609388,0.007602870759446101,295.38700111735574,69.82483574798725,1577.4810114409902,0,1
73.85623426608126,86.40536256606896,0.011129350547649042,252.9841166415066,62.14209165592448,1057.6709982118587,1,5
95.0,91.13375784678577,0.019059354591579727,398.2770205283085,65.10629328839143,1637.338332139297,1,1
84.44042483400042,86.84222630439781,-0.0015452139083025132,312.5034628264049,20.0,1661.2120181339428,0,4
70.981341094592,95.22422153487784,0.012775195184105755,356.062053279136,77.78287282769715,1460.81855554229,1,5
50.93665369650718,91.41771665444932,0.015338800576755112,328.3992676603276,46.10179713477014,1475.7640071509102,1,5
80.03939460040729,94.80124277501432,0.020766144158320718,340.34348341926574,92.01669384818919,1042.2587097363912,1,5
63.85683273739376,121.31883419987291,0.006095434503911342,223.00650333511723,20.0,1597.6024020202121,0,4
63.73308976920993,121.28790486526078,0.05,352.86801007271777,67.15947754815105,1227.3319268881562,0,2
95.0,116.81988785098747,0.03591691333257397,199.0230645361169,38.339733705234075,1237.5510213059388,0,1
63.87040485945529,70.0,0.02757332931623234,226.60961897110047,57.609681979839976,1546.7727619073908,0,3
95.0,85.98530272315324,0.026144161567655845,306.9049130611844,71.10002715833319,1597.9346434005538,1,1
95.0,93.95316695070613,0.010660795249757639,278.19716204815023,62.135226344546496,1463.5156018461603,0,1
95.0,106.14403759339442,0.013410536099432407,275.03878158487055,46.52330828387898,1522.6946968823347,1,1
66.7678803805066,98.5627956927525,0.017924454667020737,285.2550761815715,75.99414306775107,1750.601228422051,1,5
95.0,112.18753307539534,0.016754920226074246,273.0335192138267,59.70729827876357,1253.4961500282916,0,1
69.84102226443012,107.93563102211755,0.05,275.43342978234585,50.57136761159532,1559.2703004638677,0,2
70.0,100.0,0.02,261.85494514179567,60.0,1375.7022279494026,0,0
101.36984951926958,93.68112997382774,0.014092997280320273,306.38021202755874,51.20231755353727,1484.3249331299462,1,5
54.42350084942599,70.0,0.008511028262761493,260.0487207485001,56.69216575524645,1614.5471827756774,0,3
80.97071430656808,90.97910059998574,0.01514125929706138,303.46221513649095,20.0,1540.1162245440419,1,4
95.0,147.66698602783424,0.010190108029364656,370.5473563879871,83.50606208506012,1521.2593780926297,0,1
70.0,100.0,0.02,266.0720832798084,60.0,1385.564897181538,0,0
57.312763322366344,112.07600271225078,0.017788460954616118,345.79409613469085,20.0,1613.5221028303247,0,4
84.77225454459922,70.0,0.008509827444056196,248.8549015930457,50.60060997068465,1730.357063088259,0,3
69.3120431856815,94.6338773126425,0.021430287753578154,355.6165692171596,20.0,1803.5204334522878,0,4
70.0,100.0,0.02,395.1591507393555,60.0,1475.7199699081837,0,0
66.86782878838105,102.98232013636893,0.010551240374885293,280.8557802705058,61.67396172653138,1510.874946311308,1,5
54.51137800237723,124.11930349733072,0.05,317.09454358944953,67.22252080450225,1362.4075685637429,1,2
65.437237695515,93.19015612022886,0.015749662547994973,359.01731200522863,20.0,1616.8036936016483,1,4
63.01520944534622,102.52544442550737,0.05,295.50406607641156,52.94124258834972,1395.9338859787408,0,2
70.0,100.0,0.02,233.53170619071153,60.0,1967.681019394955,0,0
70.0,100.0,0.02,211.67392276383327,60.0,1746.3249007119557,0,0
67.12088579374866,103.4456279615018,0.007267714589086701,367.25287087639265,69.25163261399186,1247.2984631033034,1,5
76.65721017746081,70.0,0.012291455524456155,282.86599427071246,76.20759429740319,1568.8559399744604,1,3
95.0,109.51293446839583,0.05291826679346723,341.87808196408184,68.73413472978245,1514.5529019777914,0,1
58.67499986066686,84.7145598037199,0.05,284.730520203742,67.77960830312865,1540.6098431986989,1,2
54.669154969432746,82.69761851626154,0.0127067146516277,340.39642456647573,76.13874940464542,1650.0470258441837,1,5
95.0,112.9543328197032,0.018577773639392815,330.74572761691945,46.13553297570087,1404.6504867886126,1,1
70.0,100.0,0.02,306.0836495561036,60.0,1415.4896969230883,0,0
71.8138931495141,96.6236007422476,0.033213303067094,278.2602757159457,20.0,1470.9657813576512,0,4
69.70962293100837,81.1628065043759,0.022930548676713177,218.7464176222956,53.32005166407376,1378.010921671875,1,5
95.0,112.7257539851491,0.015198227051286525,305.66125283727496,83.50001316084656,1401.997168660765,1,1
69.59256704591706,81.9502485817736,0.05,431.86832715992716,75.1627129559644,1547.9231728836435,1,2
64.28114309640762,132.89359621202252,0.03132967546883788,350.4860646981684,63.30453279007507,1501.1231475181644,1,5
